id,first_name,last_name,email,country,company,car,sales
1,Abbe,Northen,anorthen0@livejournal.com,Palau,Camido,Mazda,1550.9
2,Karrie,Arnull,karnull1@cbsnews.com,Portugal,Gabcube,Plymouth,7094.52
3,Aile,Boij,aboij2@desdev.cn,Albania,Jetwire,Audi,8337.19
4,Yul,Menis,ymenis3@pbs.org,Peru,Skiba,Chevrolet,3587.42
5,Penny,Speenden,pspeenden4@timesonline.co.uk,Russia,Blogspan,Audi,6755.49
6,Gaston,Thornber,gthornber5@zdnet.com,Argentina,Topicware,Mercury,8768.38
7,Madelyn,Forster,mforster6@digg.com,Mexico,Babbleblab,Ford,4429.47
8,Katheryn,Ashe,kashe7@usa.gov,Indonesia,Plambee,BMW,7400.84
9,Mirabella,Keats,mkeats8@hugedomains.com,Sierra Leone,Mudo,Studebaker,962.06
10,Sean,Haggith,shaggith9@illinois.edu,Lithuania,Oozz,Ford,6795.3
11,Joletta,Marner,jmarnera@ovh.net,Costa Rica,Digitube,Jaguar,6429.66
12,Melly,Bowld,mbowldb@dagondesign.com,United States,Demimbu,GMC,3363.26
13,Sigismond,Humbatch,shumbatchc@creativecommons.org,China,Realbridge,Pontiac,2940.06
14,Abagail,Engley,aengleyd@ehow.com,China,Eare,Mercury,4009.65
15,Drake,Ginnety,dginnetye@guardian.co.uk,Pakistan,Realcube,Mazda,2765.23
16,Randee,Behnecken,rbehneckenf@dedecms.com,Pakistan,Fivespan,Nissan,6043.89
17,Lisabeth,Flewett,lflewettg@cyberchimps.com,Colombia,Kwinu,Ford,9696.56
18,Kate,Crayk,kcraykh@opera.com,Indonesia,Pixonyx,Volkswagen,8819.85
19,Tracy,Chatell,tchatelli@cpanel.net,Japan,Mydo,Nissan,9801.82
20,Freedman,Twoohy,ftwoohyj@independent.co.uk,Jordan,Mynte,Chevrolet,4377.92
21,Lavena,Marham,lmarhamk@uol.com.br,Dominican Republic,Linkbuzz,Dodge,9922.67
22,Simona,Winspare,swinsparel@163.com,China,Fiveclub,Honda,8703.22
23,Humfrey,Eltun,heltunm@feedburner.com,Brazil,Edgeify,Volkswagen,4941.22
24,Joyous,Barrows,jbarrowsn@loc.gov,China,Gigashots,Peugeot,2923.06
25,Michel,Courtonne,mcourtonneo@whitehouse.gov,Mexico,Rhycero,Dodge,7904.09
26,Emilee,Hurch,ehurchp@amazon.com,Canada,Flipstorm,Chevrolet,6937.88
27,Caryl,McMeyler,cmcmeylerq@soup.io,China,Photofeed,Saab,6291.72
28,Ginnifer,Flawith,gflawithr@baidu.com,Vietnam,Tagpad,Lincoln,1594.48
29,Jamil,Pennings,jpenningss@paginegialle.it,Portugal,Jaxspan,Plymouth,9879.99
30,Mareah,Schwand,mschwandt@china.com.cn,Mongolia,Avamba,Volkswagen,9443.45
31,Hetty,Paish,hpaishu@time.com,United States,Edgeclub,Chevrolet,5292.63
32,Vilhelmina,Barratt,vbarrattv@house.gov,Indonesia,Gabtype,Ford,8178.67
33,Wanids,Lafflin,wlafflinw@paypal.com,China,Browsezoom,Mazda,5626.63
34,Geoff,MacCardle,gmaccardlex@shutterfly.com,Ukraine,Nlounge,Infiniti,9456.69
35,Malinde,Heskin,mheskiny@toplist.cz,China,Edgetag,Ford,7149.45
36,Baillie,Vasser,bvasserz@reverbnation.com,China,Centimia,Mazda,4045.01
37,Eugenio,De Luna,edeluna10@hp.com,Canada,Realbuzz,Acura,7020.52
38,Lil,Goodlett,lgoodlett11@stumbleupon.com,Poland,Feedspan,Dodge,6863.35
39,Anatol,Woodcock,awoodcock12@washingtonpost.com,Ukraine,Browsebug,Acura,8048.05
40,Livia,Dinse,ldinse13@google.ru,Portugal,Trupe,Mazda,1263.6
41,Corey,Spraberry,cspraberry14@people.com.cn,Czech Republic,Divanoodle,Pontiac,3184.75
42,Ammamaria,Cattanach,acattanach15@imageshack.us,China,Realpoint,BMW,4660.71
43,Merry,Tow,mtow16@nbcnews.com,Lithuania,Jabbersphere,Audi,7169.88
44,Floria,Propper,fpropper17@constantcontact.com,Czech Republic,Brainsphere,Suzuki,423.65
45,Anitra,Summerskill,asummerskill18@friendfeed.com,Indonesia,Leexo,Daewoo,2524.96
46,Wilt,Mordue,wmordue19@google.ru,Indonesia,Mynte,Dodge,4094.85
47,Bill,Woods,bwoods1a@stanford.edu,China,Yozio,Lexus,6257.07
48,Skipton,Eames,seames1b@loc.gov,United States,Kanoodle,Mitsubishi,4080.34
49,Wilmette,Abdey,wabdey1c@tripadvisor.com,Greece,Layo,Toyota,8511.14
50,Theresa,Westerman,twesterman1d@about.me,Zambia,Thoughtworks,Nissan,6965.7
51,Denni,Noury,dnoury1e@miibeian.gov.cn,Nigeria,Thoughtblab,Ford,2860.31
52,Milena,Bingham,mbingham1f@wp.com,Netherlands,Eabox,Infiniti,7690.96
53,Farand,Gerg,fgerg1g@chronoengine.com,Poland,Zoomdog,Chevrolet,6932.39
54,Yolanthe,Cotherill,ycotherill1h@gizmodo.com,United States,Flipbug,Honda,9054.38
55,Camille,McKeevers,cmckeevers1i@wix.com,Macedonia,Buzzshare,Ford,5073.26
56,Stefania,Sprules,ssprules1j@cafepress.com,Afghanistan,Thoughtsphere,GMC,4814.78
57,Clovis,Bewshea,cbewshea1k@elegantthemes.com,China,Chatterbridge,Hyundai,8441.28
58,Julie,MacLeod,jmacleod1l@seesaa.net,Morocco,Shufflebeat,GMC,5429.85
59,Colline,Glassborow,cglassborow1m@ameblo.jp,Croatia,Meemm,Acura,8159.09
60,Rabi,Raith,rraith1n@pinterest.com,United States,Janyx,Volkswagen,3801.34
61,Fawnia,Halleday,fhalleday1o@youtu.be,Poland,Yakidoo,Suzuki,9067.05
62,Car,Jammet,cjammet1p@google.de,Poland,Gabcube,Dodge,7764.68
63,Addie,Gilhooley,agilhooley1q@utexas.edu,Bulgaria,Yombu,Toyota,3384.93
64,Katharina,Sykora,ksykora1r@purevolume.com,France,Lazzy,Lincoln,1565.37
65,Jarib,Cobbe,jcobbe1s@eventbrite.com,Russia,Riffpath,Mercedes-Benz,3385.29
66,Alexandr,Arlt,aarlt1t@usda.gov,Greece,Thoughtstorm,Volvo,6120.0
67,Terrill,Medendorp,tmedendorp1u@amazon.co.jp,Russia,Roodel,BMW,5097.9
68,Ray,Vizard,rvizard1v@unc.edu,Mexico,Skynoodle,Subaru,1002.85
69,Jacob,Akram,jakram1w@howstuffworks.com,Argentina,Avamm,Nissan,672.81
70,Avrit,Daverin,adaverin1x@joomla.org,Uruguay,Katz,BMW,7515.93
71,Fleming,Devany,fdevany1y@ftc.gov,China,Voonte,Nissan,7511.16
72,Ellen,Siemianowicz,esiemianowicz1z@so-net.ne.jp,China,Rooxo,Maybach,5997.22
73,Alfie,Facchini,afacchini20@goodreads.com,Indonesia,Topiclounge,Oldsmobile,4383.6
74,Ailis,Attwater,aattwater21@etsy.com,China,Twitterworks,Volvo,9408.27
75,Teddy,Dalrymple,tdalrymple22@scientificamerican.com,China,Innojam,Dodge,3149.77
76,Anderea,Bernier,abernier23@nsw.gov.au,Norway,Yodoo,Audi,6288.9
77,Bord,Cutbush,bcutbush24@goo.gl,Indonesia,Oyoloo,Nissan,5421.99
78,Maurene,Lighten,mlighten25@tripadvisor.com,Ukraine,Centidel,Mazda,1175.49
79,Roslyn,Spellissy,rspellissy26@weather.com,China,Flashpoint,Nissan,8011.79
80,Winnie,Nyles,wnyles27@cnet.com,Thailand,Voolia,Mitsubishi,9812.29
81,Krysta,Manicomb,kmanicomb28@wired.com,Bosnia and Herzegovina,Jaxbean,Pontiac,1845.43
82,Osgood,Delamere,odelamere29@chronoengine.com,Palestinian Territory,Npath,Ford,1402.52
83,Elly,Galbreth,egalbreth2a@biblegateway.com,China,Aivee,Ford,3439.12
84,Byrle,Cook,bcook2b@smugmug.com,Ukraine,Gabspot,Toyota,5088.0
85,Morten,Flescher,mflescher2c@google.ru,Malta,Browsetype,Hummer,3443.27
86,Brigida,Bowes,bbowes2d@intel.com,Portugal,Skivee,Chevrolet,9023.55
87,Kev,Lomax,klomax2e@about.com,South Africa,Feedfire,Volkswagen,2209.78
88,Minda,Stockton,mstockton2f@bluehost.com,Peru,Skiptube,Volkswagen,386.4
89,Adriaens,Keywood,akeywood2g@shareasale.com,Colombia,Meevee,Ford,1193.52
90,Jobie,Widdecombe,jwiddecombe2h@cafepress.com,Indonesia,Divanoodle,Pontiac,9658.15
91,Devin,Daoust,ddaoust2i@wix.com,Russia,Avamm,MINI,1420.39
92,Gael,Portsmouth,gportsmouth2j@t-online.de,Nigeria,Cogidoo,Subaru,6021.45
93,Jeramey,Klausewitz,jklausewitz2k@accuweather.com,China,Kwinu,Mercedes-Benz,937.7
94,Kerrill,Lube,klube2l@theguardian.com,Peru,Eadel,Jeep,5323.49
95,Codie,Sallis,csallis2m@illinois.edu,Indonesia,Yambee,Honda,7853.64
96,Harvey,MacArthur,hmacarthur2n@photobucket.com,South Africa,Oyoloo,Chrysler,4397.96
97,Gigi,Rafter,grafter2o@bing.com,Thailand,Yozio,Chevrolet,8854.63
98,Bar,Huncoot,bhuncoot2p@t.co,Portugal,DabZ,Dodge,9886.5
99,Thomasa,Sholl,tsholl2q@google.cn,Pakistan,Yozio,Mercedes-Benz,6265.63
100,Shoshana,Fallowfield,sfallowfield2r@latimes.com,Pakistan,Demimbu,Dodge,6643.23
101,Catie,Turland,cturland2s@dell.com,Lithuania,Gevee,Ford,410.84
102,Dore,Lougheed,dlougheed2t@pcworld.com,Indonesia,JumpXS,Volvo,4622.14
103,Mathe,Gaucher,mgaucher2u@xing.com,Indonesia,Trupe,Hyundai,587.11
104,Rudiger,Ridges,rridges2v@live.com,France,Bubblemix,Volvo,6725.85
105,Gerek,Kerne,gkerne2w@utexas.edu,Peru,Browsetype,GMC,4138.95
106,Lin,Wickrath,lwickrath2x@yahoo.com,China,Livefish,Buick,5006.28
107,Michel,Turfitt,mturfitt2y@geocities.com,Brazil,Bluejam,MINI,6381.53
108,Rayner,Mitham,rmitham2z@amazon.de,Dominican Republic,Minyx,Mercedes-Benz,1480.34
109,Craggy,MacArdle,cmacardle30@bbc.co.uk,Russia,Jaxworks,Chevrolet,787.1
110,Tulley,Yakushkev,tyakushkev31@guardian.co.uk,Burkina Faso,Edgepulse,GMC,3548.93
111,Daffie,Gillani,dgillani32@netvibes.com,China,Eidel,Suzuki,8135.95
112,Kristopher,Bittlestone,kbittlestone33@simplemachines.org,Philippines,Skinder,Buick,4650.06
113,Wanids,Concklin,wconcklin34@auda.org.au,Portugal,Skimia,Audi,6004.69
114,Rogers,Nelm,rnelm35@multiply.com,China,Kwimbee,GMC,8349.41
115,Aubrie,Mowlam,amowlam36@taobao.com,Indonesia,Vinte,Subaru,4955.25
116,Llewellyn,Yann,lyann37@miitbeian.gov.cn,Brazil,Twimm,GMC,9458.9
117,Duffie,Mc Curlye,dmccurlye38@hao123.com,Belarus,Aibox,Suzuki,1844.37
118,Frederico,Girdlestone,fgirdlestone39@privacy.gov.au,Russia,Layo,Nissan,4580.34
119,Tobe,Chapleo,tchapleo3a@g.co,Latvia,Gigashots,Acura,9844.09
120,Obadias,Ranyelld,oranyelld3b@house.gov,Indonesia,Blogtag,Toyota,735.34
121,Ginni,Eburne,geburne3c@si.edu,Ukraine,Meetz,Hyundai,6246.24
122,Sherm,Bengtson,sbengtson3d@aol.com,China,Trilia,Lincoln,7718.69
123,Padriac,Benning,pbenning3e@drupal.org,China,Edgetag,Audi,7731.91
124,Yard,Prettyjohn,yprettyjohn3f@newsvine.com,Japan,Quamba,Citroën,1008.76
125,Jonathan,Gaynor,jgaynor3g@reuters.com,China,Yotz,Mercedes-Benz,7697.27
126,Evy,Chessil,echessil3h@mit.edu,Greece,Eidel,Volkswagen,8187.19
127,Opal,Jinkinson,ojinkinson3i@chicagotribune.com,Indonesia,Eayo,Land Rover,6130.99
128,Ruthi,Wateridge,rwateridge3j@clickbank.net,Indonesia,Yakitri,Pontiac,291.93
129,Meara,Spearing,mspearing3k@51.la,Peru,Einti,GMC,7213.98
130,Nico,Goldsack,ngoldsack3l@redcross.org,South Korea,Yakijo,Chrysler,9366.15
131,Derrick,Chadderton,dchadderton3m@symantec.com,Poland,Katz,Ford,6644.31
132,Marilin,Teese,mteese3n@i2i.jp,China,Jabberbean,BMW,6566.63
133,Hanny,Chapleo,hchapleo3o@earthlink.net,Russia,Rhybox,Peugeot,8750.29
134,Lyndsay,Matysiak,lmatysiak3p@etsy.com,Sweden,Thoughtsphere,Lincoln,8804.78
135,Jany,Coners,jconers3q@wisc.edu,Colombia,Tazzy,Audi,1428.6
136,Venita,Fennessy,vfennessy3r@51.la,Poland,Skyvu,Subaru,953.27
137,Reed,Boutellier,rboutellier3s@buzzfeed.com,Poland,Wikido,Acura,4286.41
138,Gus,Faley,gfaley3t@abc.net.au,Russia,Pixonyx,Dodge,9382.1
139,Kermy,McRobb,kmcrobb3u@de.vu,Indonesia,Mymm,Hyundai,8483.76
140,Jada,Abbs,jabbs3v@ustream.tv,United States,Quimm,Dodge,722.92
141,Eleanora,Beddard,ebeddard3w@unc.edu,Ireland,Avavee,Hyundai,6081.94
142,Roberta,Coombes,rcoombes3x@discovery.com,Sweden,Blogspan,Mercury,1769.94
143,Lira,Skamal,lskamal3y@businessweek.com,Croatia,Realpoint,Mercedes-Benz,1871.44
144,Anissa,Feldon,afeldon3z@webnode.com,China,Blognation,Volvo,3103.32
145,Audi,Strand,astrand40@topsy.com,Russia,Latz,Honda,6892.18
146,Nestor,Dunaway,ndunaway41@arstechnica.com,Dominican Republic,Yakijo,Mazda,4506.54
147,Wini,Clilverd,wclilverd42@exblog.jp,Portugal,Zoomcast,Mazda,3179.35
148,Shelia,McWhirter,smcwhirter43@people.com.cn,Bolivia,Edgepulse,Suzuki,5606.41
149,Rodrique,Cettell,rcettell44@cam.ac.uk,Canada,Meembee,Mitsubishi,8241.76
150,Willetta,Gear,wgear45@parallels.com,United States,Voomm,Porsche,6531.89
151,Ami,Woolner,awoolner46@baidu.com,China,Vimbo,Acura,9008.62
152,Lanna,Phillps,lphillps47@go.com,Niger,Omba,Porsche,2054.01
153,Bernie,Simonitto,bsimonitto48@amazon.co.uk,China,Ozu,Buick,1241.22
154,Meara,Thirsk,mthirsk49@accuweather.com,Russia,Thoughtbridge,Dodge,6104.05
155,Tally,Woodington,twoodington4a@apache.org,Palestinian Territory,Ailane,Chevrolet,3664.36
156,Boote,Labrum,blabrum4b@buzzfeed.com,Kenya,Oloo,Mercedes-Benz,8140.38
157,Collie,Raven,craven4c@google.de,United States,Lazzy,Suzuki,1056.4
158,Jud,Rimer,jrimer4d@g.co,Norway,Skimia,BMW,7379.42
159,Brook,Stubbs,bstubbs4e@google.com,Russia,Thoughtworks,BMW,4678.18
160,Marie,Gaywood,mgaywood4f@pbs.org,North Korea,Skiba,Ford,2004.31
161,Eveline,Bristow,ebristow4g@unesco.org,Nigeria,Dabvine,Volkswagen,7742.93
162,Erina,Stinchcombe,estinchcombe4h@slate.com,China,Devify,Dodge,5511.08
163,Venus,Lampen,vlampen4i@archive.org,Netherlands,Aibox,Volkswagen,6132.62
164,Arabella,Menco,amenco4j@bravesites.com,Russia,Skalith,Chevrolet,8825.82
165,Allie,Glasscock,aglasscock4k@printfriendly.com,Peru,Tagopia,Mercury,1603.84
166,Wynne,Roumier,wroumier4l@upenn.edu,Ukraine,Thoughtworks,Mercedes-Benz,1247.07
167,Verene,Deary,vdeary4m@miibeian.gov.cn,Indonesia,Mydo,Oldsmobile,9790.45
168,Patti,Hoopper,phoopper4n@woothemes.com,China,Tekfly,Jeep,3644.38
169,Kim,Perrinchief,kperrinchief4o@admin.ch,Ukraine,Mycat,Chevrolet,4562.15
170,Hieronymus,Witter,hwitter4p@nasa.gov,Sweden,Skivee,Mercedes-Benz,2499.08
171,Kermy,Sloane,ksloane4q@godaddy.com,Croatia,Meemm,Chevrolet,2077.15
172,Rae,Pennick,rpennick4r@pagesperso-orange.fr,China,Ntag,BMW,3045.16
173,Franni,Pleven,fpleven4s@gmpg.org,Ireland,Fivebridge,Daewoo,4758.76
174,Joshia,Frear,jfrear4t@toplist.cz,Portugal,Skipfire,Toyota,7870.85
175,Daniela,Kasman,dkasman4u@simplemachines.org,Angola,Edgetag,Isuzu,1286.65
176,Inness,Leadbetter,ileadbetter4v@ameblo.jp,Bosnia and Herzegovina,Kwimbee,Mitsubishi,702.04
177,Sinclair,Fishley,sfishley4w@msn.com,Philippines,Oyonder,Chevrolet,377.7
178,Liza,Chilton,lchilton4x@elpais.com,Philippines,Jetwire,Chrysler,3156.78
179,Dorie,Detloff,ddetloff4y@joomla.org,Australia,Rhybox,Chevrolet,7897.91
180,Blaine,Lambrechts,blambrechts4z@blogtalkradio.com,China,Centimia,Dodge,3717.43
181,Augy,Rivitt,arivitt50@prlog.org,Argentina,Zoomcast,Ford,7143.79
182,Benjy,Schwand,bschwand51@seesaa.net,Sweden,Thoughtbeat,Lexus,1347.05
183,Brittni,Lyosik,blyosik52@drupal.org,Indonesia,Jabbersphere,Maserati,8190.16
184,Ebonee,Conyers,econyers53@skype.com,Indonesia,Babbleblab,Mercedes-Benz,5425.06
185,Piggy,Mussington,pmussington54@earthlink.net,China,Myworks,Acura,361.64
186,Zorah,Wolfe,zwolfe55@sitemeter.com,Sweden,Youspan,Ford,6398.02
187,Edin,Mattke,emattke56@live.com,Portugal,Trilia,Chevrolet,2844.11
188,Elisha,Juorio,ejuorio57@hc360.com,Canada,Yodel,Buick,2362.11
189,Keriann,Petroulis,kpetroulis58@mac.com,Russia,Riffpedia,Land Rover,5922.5
190,Eben,Howlings,ehowlings59@nifty.com,Russia,Skidoo,Honda,6591.73
191,Golda,Aymer,gaymer5a@surveymonkey.com,Philippines,Tazz,Chevrolet,5231.92
192,Amerigo,Shimmin,ashimmin5b@dagondesign.com,Uganda,Centimia,Lincoln,4607.62
193,Kristopher,Arnaudin,karnaudin5c@free.fr,Poland,Vimbo,Pontiac,9840.98
194,Rafaellle,Crann,rcrann5d@multiply.com,Japan,Eidel,Mercury,7301.63
195,Joelle,Water,jwater5e@pagesperso-orange.fr,Indonesia,Digitube,Ford,7675.11
196,Dud,Shapera,dshapera5f@army.mil,Dominican Republic,Fivechat,Chrysler,5976.82
197,Jaquelin,Alenichicov,jalenichicov5g@sciencedirect.com,China,Skiptube,Volvo,5203.86
198,Rosella,Mougeot,rmougeot5h@mlb.com,France,Skinix,Ford,4357.13
199,Ax,Ritchley,aritchley5i@tiny.cc,Philippines,Nlounge,Lexus,723.97
200,Emmett,Langworthy,elangworthy5j@weather.com,Venezuela,Yoveo,Mazda,1501.97
201,Kory,Cawston,kcawston5k@hatena.ne.jp,United States,Brainverse,GMC,9762.06
202,Timothee,Killcross,tkillcross5l@aol.com,China,Muxo,Chevrolet,2924.12
203,Francoise,Foulks,ffoulks5m@blogs.com,Belarus,Gigashots,Ford,2627.36
204,Harrie,Vaux,hvaux5n@google.com.au,Indonesia,Demivee,Nissan,6531.86
205,Sheridan,Bruce,sbruce5o@toplist.cz,Philippines,Ainyx,Chevrolet,3624.86
206,Cathleen,Robe,crobe5p@a8.net,Guatemala,Yacero,Porsche,4316.01
207,Artus,Osmint,aosmint5q@uiuc.edu,Luxembourg,Quire,Mazda,7485.64
208,Dexter,Bard,dbard5r@tripod.com,Mali,Kayveo,Nissan,7560.6
209,Enrique,Durtnal,edurtnal5s@baidu.com,Poland,Meetz,Cadillac,9685.23
210,Kelcey,Grills,kgrills5t@dropbox.com,Indonesia,Mycat,Volkswagen,2604.44
211,Skell,Keeble,skeeble5u@prlog.org,France,Cogidoo,Hummer,3510.9
212,Ker,Witherup,kwitherup5v@stanford.edu,Estonia,Bluejam,Chrysler,6747.57
213,Georgi,Iacobetto,giacobetto5w@so-net.ne.jp,China,Riffpedia,Kia,3044.85
214,Ettie,Ketteman,eketteman5x@youtube.com,France,Skinix,Nissan,7544.87
215,Griffin,Pywell,gpywell5y@rediff.com,Cyprus,Quire,Lexus,6047.75
216,Keely,Tomeo,ktomeo5z@tripadvisor.com,Sweden,Kwinu,Chrysler,7323.67
217,Fidela,Elderfield,felderfield60@biglobe.ne.jp,Indonesia,Livefish,Chevrolet,1900.38
218,Archibold,Chittim,achittim61@ox.ac.uk,Peru,Feedfish,Acura,7456.64
219,Andras,Hallad,ahallad62@jalbum.net,China,Wikibox,Suzuki,1503.12
220,Geraldine,Winters,gwinters63@google.ru,China,Shufflester,Buick,5358.94
221,Marti,Thorburn,mthorburn64@dell.com,Portugal,Kanoodle,Suzuki,2490.96
222,Riccardo,Baudou,rbaudou65@comsenz.com,Syria,Ainyx,Acura,184.98
223,Sid,Pickston,spickston66@webeden.co.uk,Poland,Oyoloo,Pontiac,8896.96
224,Caralie,O'Griffin,cogriffin67@booking.com,China,Camido,Toyota,7271.79
225,Pace,Gartin,pgartin68@chron.com,Honduras,Youbridge,Dodge,7888.7
226,Ferdinand,Borgars,fborgars69@comsenz.com,Portugal,Centizu,Porsche,7591.09
227,Lanita,Borles,lborles6a@icio.us,Portugal,Dabfeed,Lexus,300.98
228,Morris,Gathwaite,mgathwaite6b@msu.edu,Indonesia,Zoonder,Chrysler,3740.15
229,Marleen,Hruska,mhruska6c@facebook.com,Ireland,Rhyloo,Jeep,9818.38
230,Leona,Blench,lblench6d@mtv.com,Philippines,Edgewire,GMC,6478.85
231,Retha,Burwin,rburwin6e@engadget.com,Thailand,Tagchat,Suzuki,9528.67
232,Mitchel,Klimowicz,mklimowicz6f@simplemachines.org,Albania,Jetpulse,BMW,5384.65
233,Kylynn,Izsak,kizsak6g@narod.ru,Philippines,Leexo,Cadillac,6359.6
234,Jameson,Gytesham,jgytesham6h@wordpress.com,Italy,Yadel,Toyota,5249.07
235,Veronika,Dudney,vdudney6i@geocities.com,Russia,Kwimbee,Mitsubishi,8683.1
236,Casey,Jakoubec,cjakoubec6j@1und1.de,Colombia,Skalith,Acura,2513.7
237,Lev,Wolland,lwolland6k@google.co.jp,Colombia,Skinix,Mitsubishi,7034.46
238,Muffin,Durnell,mdurnell6l@amazon.co.jp,Brazil,Blogpad,Land Rover,2876.36
239,Worthington,Vipan,wvipan6m@histats.com,Cameroon,Brainbox,BMW,3985.14
240,Rosalinde,Hefferon,rhefferon6n@blogtalkradio.com,Mexico,Skippad,Mitsubishi,3716.32
241,Morissa,Wilbraham,mwilbraham6o@theatlantic.com,Poland,Realmix,Isuzu,9960.65
242,Haily,Janiak,hjaniak6p@independent.co.uk,France,Riffwire,Oldsmobile,7838.85
243,Bradford,McCarly,bmccarly6q@wiley.com,Uzbekistan,Realbuzz,Acura,9349.65
244,Parnell,Palethorpe,ppalethorpe6r@opensource.org,Russia,Vinte,GMC,9344.45
245,Johnna,Bamlet,jbamlet6s@hud.gov,France,Centidel,Holden,809.38
246,Chip,Jizhaki,cjizhaki6t@linkedin.com,Russia,Plambee,Honda,2068.52
247,Gunar,Tabourin,gtabourin6u@wikispaces.com,South Africa,Mydo,GMC,5430.17
248,Kelcey,Pearman,kpearman6v@typepad.com,Indonesia,Ainyx,Bentley,8487.34
249,Daveen,Raithbie,draithbie6w@icq.com,China,Kwideo,Chevrolet,8257.88
250,Mikey,Swindin,mswindin6x@eepurl.com,France,Aivee,Lotus,9207.3
251,Shandie,Bartkowiak,sbartkowiak6y@google.fr,Czech Republic,Buzzbean,Aston Martin,9615.63
252,Shandee,Tume,stume6z@unicef.org,Indonesia,Photobug,Kia,2833.07
253,Jamill,Phelipeau,jphelipeau70@amazon.de,South Korea,Skipfire,Cadillac,5789.84
254,Gordon,Handscombe,ghandscombe71@tiny.cc,Tanzania,Cogilith,Ford,3979.23
255,Emmit,Szreter,eszreter72@free.fr,Burkina Faso,Mita,Nissan,9563.79
256,Salome,Wardley,swardley73@ftc.gov,Armenia,Dynazzy,Lincoln,9435.67
257,Teddie,Victory,tvictory74@vinaora.com,Czech Republic,Edgewire,Lexus,7669.24
258,Sean,Midgley,smidgley75@zdnet.com,Honduras,Shufflebeat,Honda,7438.07
259,Shawn,Bruins,sbruins76@unblog.fr,Sweden,Skiba,Toyota,8800.51
260,Sascha,Mease,smease77@freewebs.com,China,Zoomdog,Chrysler,4159.42
261,Rodi,Quarterman,rquarterman78@ox.ac.uk,Poland,Zava,Chevrolet,5947.05
262,Jeniece,Cheavin,jcheavin79@ameblo.jp,Peru,Livetube,Jaguar,2482.85
263,Niles,Cissen,ncissen7a@de.vu,Russia,Feedspan,Mercedes-Benz,6420.04
264,Drusilla,Wait,dwait7b@desdev.cn,Jordan,Oyope,Pontiac,4219.57
265,Paule,Brack,pbrack7c@mlb.com,France,Dynava,Nissan,5443.54
266,Carrie,Lafrentz,clafrentz7d@un.org,China,Dynava,Subaru,1634.1
267,Linnell,Barltrop,lbarltrop7e@edublogs.org,United States,Omba,Mazda,4842.99
268,Melodie,Perkinson,mperkinson7f@de.vu,France,Kare,Land Rover,5442.16
269,Correna,O'Bradain,cobradain7g@wunderground.com,Russia,Zoombox,Saab,8266.88
270,Pippa,Garnall,pgarnall7h@squarespace.com,China,Meejo,Toyota,8795.52
271,Glynis,Clews,gclews7i@wordpress.org,Philippines,Jabbersphere,Mercedes-Benz,2153.67
272,Fina,Miguel,fmiguel7j@jiathis.com,Nicaragua,Zazio,Suzuki,1198.33
273,Tiffany,Fulton,tfulton7k@1688.com,Brazil,Zoomdog,Ford,4951.39
274,Bink,Shoreson,bshoreson7l@imageshack.us,Mexico,Jaxbean,Oldsmobile,9397.51
275,Nobie,Gorring,ngorring7m@gmpg.org,United States,Edgetag,Volvo,4866.32
276,Kimbra,Abramino,kabramino7n@over-blog.com,Russia,Feedbug,Pontiac,9471.73
277,Natala,Marlor,nmarlor7o@ucoz.com,Japan,Buzzster,Chevrolet,8901.73
278,Julissa,Vautrey,jvautrey7p@tinyurl.com,Spain,Dabjam,Volvo,7578.97
279,Emmi,Wrotchford,ewrotchford7q@wordpress.org,China,Skimia,Toyota,4204.76
280,Lorrin,Playdon,lplaydon7r@oracle.com,Croatia,Topicstorm,Ford,6912.38
281,Laurianne,Shawl,lshawl7s@alibaba.com,Mexico,Jaxnation,GMC,4299.48
282,Max,Marsters,mmarsters7t@hostgator.com,Philippines,Skyba,Ford,92.84
283,Bastien,Gonnel,bgonnel7u@pbs.org,Indonesia,Yabox,Hyundai,8562.96
284,Tonya,Maber,tmaber7v@dagondesign.com,Sweden,Kanoodle,Mazda,7231.14
285,Rosie,Haycroft,rhaycroft7w@marriott.com,Philippines,Babbleopia,Toyota,5363.9
286,Ronica,Labon,rlabon7x@businessweek.com,Indonesia,Gigabox,Bentley,3242.55
287,Emmye,Hakeworth,ehakeworth7y@time.com,China,Gigaclub,GMC,4062.51
288,Eli,Moscone,emoscone7z@wufoo.com,Estonia,Topiczoom,Nissan,99.59
289,Nonah,MacGeffen,nmacgeffen80@live.com,China,Eare,Nissan,5196.52
290,Bennie,Ryder,bryder81@psu.edu,Indonesia,Livefish,Chrysler,2888.18
291,Winifred,Strafen,wstrafen82@xinhuanet.com,Poland,Centizu,Nissan,2114.03
292,Laural,Thonger,lthonger83@bing.com,Venezuela,Centidel,Jaguar,5600.6
293,Viviyan,Hunt,vhunt84@ycombinator.com,Philippines,Twitterbeat,Volvo,7682.5
294,Antony,Felkin,afelkin85@zimbio.com,Indonesia,Linkbridge,Toyota,8918.17
295,Chilton,Dunaway,cdunaway86@umn.edu,Poland,Latz,Chevrolet,2021.23
296,Henriette,Fluck,hfluck87@deliciousdays.com,France,Gabvine,Honda,9007.18
297,Quinn,Abrahams,qabrahams88@amazon.co.uk,South Korea,Aibox,Chevrolet,3626.88
298,Burk,Milksop,bmilksop89@illinois.edu,Republic of the Congo,Mudo,Pontiac,7795.52
299,Michelina,Werner,mwerner8a@usnews.com,France,Photobug,Chevrolet,3517.51
300,Tania,Bischop,tbischop8b@123-reg.co.uk,Canada,Teklist,Audi,7250.92
301,Quintina,Kovelmann,qkovelmann8c@cnn.com,China,Twitterlist,Maserati,5233.63
302,Julee,Chessum,jchessum8d@chicagotribune.com,Cuba,Kayveo,Dodge,3903.46
303,Allister,Chadwen,achadwen8e@google.pl,Portugal,Meembee,Land Rover,2863.17
304,Borg,Quantick,bquantick8f@issuu.com,Ukraine,Voonyx,Toyota,2639.36
305,Sharlene,Roughley,sroughley8g@globo.com,China,Twitterlist,Volkswagen,5119.09
306,Reese,Baudinet,rbaudinet8h@lycos.com,Czech Republic,Aimbo,Mitsubishi,7423.47
307,Donetta,Bazell,dbazell8i@patch.com,Portugal,Meetz,Volkswagen,4935.02
308,Brantley,Linsley,blinsley8j@bbc.co.uk,Brazil,Eimbee,Ford,2969.28
309,Cordy,Busswell,cbusswell8k@linkedin.com,Thailand,Jaxspan,Ford,8255.81
310,Adey,Odo,aodo8l@plala.or.jp,Philippines,Einti,Aston Martin,6196.67
311,Faythe,Pomphrett,fpomphrett8m@pen.io,Finland,Devbug,Toyota,9627.78
312,Pietrek,Robart,probart8n@china.com.cn,Portugal,Jaxspan,Merkur,8905.54
313,Alan,Nutting,anutting8o@de.vu,Indonesia,Fatz,Honda,6092.47
314,Peggy,Alexander,palexander8p@360.cn,Finland,Photolist,Infiniti,6142.37
315,Clemmy,Kynton,ckynton8q@cyberchimps.com,China,Quatz,Volkswagen,2775.04
316,Gasparo,Heining,gheining8r@cnn.com,Yemen,Youfeed,Toyota,1673.91
317,Galina,McKennan,gmckennan8s@bloomberg.com,Cambodia,Twitterlist,Subaru,7735.35
318,Mollee,Grzesiewicz,mgrzesiewicz8t@fc2.com,Indonesia,Brainsphere,Volkswagen,6694.44
319,Leena,Gehrts,lgehrts8u@is.gd,China,Youopia,Mercury,3362.66
320,Alard,Barsham,abarsham8v@oracle.com,Brazil,Skyba,Suzuki,7586.24
321,Maurits,Terran,mterran8w@slashdot.org,China,Yabox,Ford,1273.06
322,Remy,Ubsdale,rubsdale8x@bizjournals.com,China,Riffpath,Hyundai,8194.25
323,Sherill,Beton,sbeton8y@infoseek.co.jp,Ukraine,Zoomcast,Mitsubishi,5386.71
324,Boonie,Lortzing,blortzing8z@usa.gov,United States,Yombu,Toyota,2543.34
325,Garald,Saffrin,gsaffrin90@wired.com,Indonesia,Divanoodle,Pontiac,1797.57
326,Laurent,Breeze,lbreeze91@dot.gov,Vietnam,Skimia,Chevrolet,2933.3
327,Tanitansy,Gruby,tgruby92@digg.com,Brazil,Eare,Ford,3898.59
328,Rosalinde,Hoggan,rhoggan93@paypal.com,Cambodia,Tazzy,Ford,8457.29
329,Lek,Sarsons,lsarsons94@irs.gov,China,Zoomcast,Audi,6255.06
330,Conrado,Dell Casa,cdellcasa95@cloudflare.com,Burkina Faso,Meedoo,Aston Martin,5963.45
331,Wilden,Ockenden,wockenden96@deliciousdays.com,Indonesia,Photobean,Suzuki,6011.31
332,Lanita,Duckering,lduckering97@prnewswire.com,Bulgaria,Jayo,Audi,7674.67
333,Reeva,Finney,rfinney98@mtv.com,Philippines,Voonix,Jaguar,4302.65
334,Sapphira,Macia,smacia99@hubpages.com,Poland,Edgeclub,Lincoln,2348.72
335,Terry,Escoffrey,tescoffrey9a@quantcast.com,Malaysia,Topicshots,Honda,8651.47
336,Salvatore,Zecchii,szecchii9b@deliciousdays.com,Indonesia,Realpoint,Toyota,1101.9
337,Hubey,Dargue,hdargue9c@epa.gov,Philippines,Voolia,Honda,5723.08
338,Melesa,Dipple,mdipple9d@delicious.com,Peru,Kazio,Volkswagen,2920.77
339,Corabelle,Oughton,coughton9e@goodreads.com,Egypt,Demimbu,Chrysler,4725.42
340,Meara,Bootherstone,mbootherstone9f@bigcartel.com,Brazil,Devshare,Dodge,4895.89
341,Nealson,Dominichetti,ndominichetti9g@amazon.com,Russia,Flashspan,Mazda,4010.35
342,Justino,Govini,jgovini9h@naver.com,China,Twitterworks,Chevrolet,2980.97
343,Alfy,Dennick,adennick9i@vk.com,Russia,Brightbean,Ford,133.78
344,Dillon,Dohmer,ddohmer9j@printfriendly.com,China,Leenti,Hummer,5064.23
345,Dietrich,Roan,droan9k@nhs.uk,Japan,Twinder,Ford,2904.28
346,Tamera,Brazelton,tbrazelton9l@google.com.hk,France,Dynabox,Audi,3386.64
347,Frants,Meddemmen,fmeddemmen9m@hexun.com,Argentina,Centizu,Mazda,3861.38
348,Koral,Kendall,kkendall9n@goo.ne.jp,Peru,Skinte,Cadillac,9980.99
349,Jerad,Gilstoun,jgilstoun9o@e-recht24.de,France,Browsezoom,Acura,4931.97
350,Denys,Huguet,dhuguet9p@google.com.hk,Japan,Youtags,Jaguar,9625.74
351,Atlanta,Besson,abesson9q@auda.org.au,Bosnia and Herzegovina,Realbuzz,Cadillac,8643.47
352,Raimundo,Piet,rpiet9r@purevolume.com,China,Topicware,Mazda,7301.42
353,Dugald,Sikorski,dsikorski9s@mac.com,Cyprus,Yozio,Dodge,7480.61
354,Ora,Crathorne,ocrathorne9t@unesco.org,Brazil,Bubblemix,Toyota,8920.16
355,Nevil,Kibbee,nkibbee9u@hibu.com,Portugal,Wikivu,Dodge,7468.4
356,Marylee,Batham,mbatham9v@issuu.com,Portugal,Brightbean,Honda,9831.31
357,Joice,Hankins,jhankins9w@privacy.gov.au,France,Blognation,GMC,2557.25
358,Michael,Carrabott,mcarrabott9x@networksolutions.com,Indonesia,Vinte,Daewoo,9322.54
359,Issi,Roy,iroy9y@youku.com,France,Devbug,Suzuki,1143.71
360,Ozzy,Litster,olitster9z@example.com,China,Photobean,Audi,6409.18
361,Rochelle,Kneesha,rkneeshaa0@wikipedia.org,Argentina,Divape,Volkswagen,6463.97
362,Cleon,Gillies,cgilliesa1@archive.org,Comoros,Shuffletag,Pontiac,4805.27
363,Aleksandr,Erni,aernia2@xrea.com,Indonesia,Vitz,BMW,2991.6
364,Elyse,Boshard,ebosharda3@zimbio.com,China,Fivespan,Saab,3806.78
365,Anatola,Rowlstone,arowlstonea4@sohu.com,China,Wikizz,Mazda,9067.52
366,Porty,Jenkison,pjenkisona5@wikispaces.com,Brazil,Oyoloo,Dodge,7695.92
367,Al,Scales,ascalesa6@rakuten.co.jp,Russia,Eamia,Buick,2182.49
368,Costa,Pereira,cpereiraa7@ustream.tv,Poland,Gabtype,Audi,8735.53
369,Bale,Colls,bcollsa8@examiner.com,Russia,Cogibox,Isuzu,8886.32
370,Kynthia,Shill,kshilla9@hostgator.com,Brazil,Yakitri,GMC,266.87
371,Emilie,Albertson,ealbertsonaa@mlb.com,Iran,Oloo,Chevrolet,1103.37
372,Paule,Mathevon,pmathevonab@dailymotion.com,Indonesia,Buzzdog,Honda,9182.98
373,Lynsey,Gerlack,lgerlackac@europa.eu,China,Babblestorm,Mercedes-Benz,8781.37
374,Foss,Morshead,fmorsheadad@hugedomains.com,China,Rhyloo,GMC,3322.16
375,Vinny,Blaszczynski,vblaszczynskiae@dailymail.co.uk,Haiti,Meejo,Saturn,3589.86
376,Edna,Cullingworth,ecullingworthaf@facebook.com,Latvia,Ozu,Acura,2582.54
377,Natalina,Breckon,nbreckonag@loc.gov,Libya,Skyndu,Ford,8741.69
378,Waiter,Pepperell,wpepperellah@state.tx.us,France,Yacero,Buick,5609.62
379,Birch,Conneely,bconneelyai@netscape.com,China,Skimia,Porsche,1332.3
380,Ernesta,Jeaycock,ejeaycockaj@ameblo.jp,China,Viva,Kia,1407.01
381,Adriane,Spoure,aspoureak@wordpress.com,United States,Skyba,Dodge,4521.58
382,Rianon,Dallas,rdallasal@netlog.com,China,Bubblemix,Mercedes-Benz,1738.26
383,Alessandra,Andrews,aandrewsam@goo.ne.jp,Portugal,Browsetype,Mercury,4753.59
384,Timmie,Taggett,ttaggettan@hud.gov,Guatemala,Topicstorm,Oldsmobile,4662.34
385,Tiphany,Bagniuk,tbagniukao@gnu.org,Canada,Twitterwire,Volkswagen,2110.97
386,Kelsey,McGenn,kmcgennap@github.io,Portugal,Jazzy,Volkswagen,591.26
387,Nelle,McWilliams,nmcwilliamsaq@hao123.com,Poland,Abatz,Chevrolet,6425.73
388,Cord,Jerrom,cjerromar@devhub.com,France,Avaveo,Ford,2371.17
389,Anne,Glisenan,aglisenanas@sourceforge.net,Portugal,Feedfire,GMC,3573.01
390,Even,Torns,etornsat@dailymail.co.uk,China,Oyoba,Suzuki,2875.75
391,Wilburt,Flint,wflintau@webnode.com,Argentina,Meeveo,Mazda,274.83
392,Saxe,Flory,sfloryav@indiegogo.com,Indonesia,Ailane,GMC,5173.15
393,Louella,Ormrod,lormrodaw@fda.gov,Colombia,Rhybox,Isuzu,6983.89
394,Brian,Hucks,bhucksax@salon.com,United States,Topiczoom,Ford,1471.36
395,Beniamino,Spirit,bspiritay@nba.com,Brazil,Wikizz,Suzuki,2834.59
396,Danielle,Baudain,dbaudainaz@mediafire.com,China,Zazio,BMW,9586.42
397,Carleton,Ten Broek,ctenbroekb0@liveinternet.ru,Namibia,Topiclounge,GMC,9530.79
398,Percy,McKie,pmckieb1@economist.com,Nigeria,Aimbu,Porsche,4232.91
399,Mikel,Probat,mprobatb2@cnn.com,Indonesia,Zooveo,Toyota,8033.3
400,Felicle,Trahair,ftrahairb3@ucoz.com,Serbia,Dynabox,Bugatti,663.29
401,Michele,Cuchey,mcucheyb4@cnn.com,Thailand,Mita,Toyota,1020.43
402,Letti,Janiszewski,ljaniszewskib5@networksolutions.com,China,Twimbo,Suzuki,8302.29
403,Zoe,Ferrey,zferreyb6@alibaba.com,Ecuador,Trupe,Mitsubishi,5084.91
404,Alicea,Gabitis,agabitisb7@twitter.com,Finland,Jetpulse,Chevrolet,6321.88
405,Chryste,Knottley,cknottleyb8@apple.com,Indonesia,Dabshots,Honda,9959.65
406,Lela,Dimmack,ldimmackb9@devhub.com,China,Tazzy,MINI,6494.0
407,Kenon,Cosser,kcosserba@google.fr,Indonesia,Voonix,BMW,9953.0
408,Rozelle,Lille,rlillebb@fastcompany.com,Vietnam,Avamm,Lexus,9524.57
409,Zorine,Felipe,zfelipebc@hibu.com,Brazil,Browsetype,Chrysler,1489.57
410,Sharai,Soot,ssootbd@elegantthemes.com,France,Mymm,Lincoln,9255.85
411,Jocelyn,Sterndale,jsterndalebe@tripadvisor.com,Argentina,Brainverse,Mitsubishi,7588.96
412,Zia,Assante,zassantebf@soundcloud.com,China,Twitternation,Toyota,8690.72
413,Bel,Sawfoot,bsawfootbg@chicagotribune.com,Malawi,Feedfish,Buick,6097.58
414,Terra,Schoolfield,tschoolfieldbh@disqus.com,Jamaica,Realbridge,Hyundai,6973.31
415,Ron,Cunrado,rcunradobi@gmpg.org,Indonesia,Linkbridge,Jaguar,8660.71
416,Guillema,Mill,gmillbj@macromedia.com,Indonesia,Topicshots,Volkswagen,2552.3
417,Silas,Biscomb,sbiscombbk@globo.com,Indonesia,Jaloo,Dodge,8198.74
418,Marybeth,Timby,mtimbybl@ox.ac.uk,Vietnam,Gabtune,Kia,4017.6
419,Amalia,Venny,avennybm@cisco.com,China,Realbridge,BMW,9553.69
420,Oliviero,Avery,oaverybn@un.org,Indonesia,Centidel,Kia,3982.77
421,Marge,Tewelson,mtewelsonbo@a8.net,Russia,Realcube,Maserati,1044.3
422,Hermon,Stockhill,hstockhillbp@163.com,Brazil,Skilith,Mazda,5171.63
423,Ezechiel,Fishbie,efishbiebq@answers.com,Indonesia,Rhybox,Lincoln,1612.49
424,Avie,Jozsef,ajozsefbr@cmu.edu,United Kingdom,Skiba,Saturn,185.0
425,Lib,Senogles,lsenoglesbs@craigslist.org,Indonesia,Pixonyx,BMW,4402.21
426,Marshall,Baugham,mbaughambt@bloglines.com,Indonesia,Bluejam,Cadillac,5483.98
427,Krystyna,Cropp,kcroppbu@alexa.com,Nicaragua,Thoughtstorm,Chevrolet,362.11
428,Marsha,Camillo,mcamillobv@quantcast.com,Philippines,Devcast,Pontiac,9794.62
429,Madelaine,Bather,mbatherbw@github.io,Russia,Jayo,Chevrolet,4655.6
430,Florencia,Temblett,ftemblettbx@yahoo.co.jp,Poland,Ooba,Jeep,4576.82
431,Florance,Crace,fcraceby@phoca.cz,Russia,Janyx,Austin,2957.67
432,Byram,Starkey,bstarkeybz@quantcast.com,Russia,Photobug,Saab,6162.97
433,Jemima,Yantsurev,jyantsurevc0@walmart.com,Afghanistan,Avaveo,Eagle,6166.26
434,Ashleigh,Gagie,agagiec1@google.com.au,France,Cogidoo,GMC,9056.03
435,Justinn,Kneafsey,jkneafseyc2@virginia.edu,China,Jetpulse,Jaguar,9032.03
436,Jonell,Bugby,jbugbyc3@cornell.edu,East Timor,Twitterlist,Jaguar,773.33
437,Moses,Durbin,mdurbinc4@who.int,Djibouti,Kamba,Mercedes-Benz,4017.56
438,Morton,Wood,mwoodc5@gizmodo.com,China,Rhyzio,Toyota,9786.74
439,Glori,Pether,gpetherc6@feedburner.com,Sweden,Skyba,BMW,725.56
440,Gustav,Seaman,gseamanc7@cdc.gov,Indonesia,Trilith,Dodge,5224.89
441,Brit,Ivanovic,bivanovicc8@cpanel.net,China,Brainsphere,Audi,9142.64
442,Kandace,Wadesworth,kwadesworthc9@sitemeter.com,Honduras,Meembee,Mercury,8026.13
443,Delila,Linstead,dlinsteadca@netlog.com,China,Yodo,Volvo,5818.22
444,Elga,McGarrie,emcgarriecb@java.com,Czech Republic,Wordify,Hyundai,2618.97
445,Joli,Bridson,jbridsoncc@ftc.gov,Ukraine,Trudeo,Nissan,8394.9
446,Damon,Coots,dcootscd@apple.com,Senegal,Zoonder,Ford,3189.26
447,Dun,Abrahamsson,dabrahamssonce@google.co.uk,Philippines,Viva,Scion,5237.3
448,Allison,Ordidge,aordidgecf@cbc.ca,Kazakhstan,JumpXS,Mazda,32.41
449,Carmella,Kellart,ckellartcg@oakley.com,Indonesia,Voonyx,Pontiac,7224.23
450,Kiley,Rosser,krosserch@privacy.gov.au,Saint Kitts and Nevis,Jaxspan,Ford,4406.9
451,Gustavus,Ganforth,gganforthci@nyu.edu,Argentina,Tanoodle,Mitsubishi,2057.71
452,Birgit,Olyet,bolyetcj@cdbaby.com,Ecuador,Devcast,Buick,2449.65
453,Rodolphe,Bend,rbendck@hostgator.com,Nigeria,Rhynyx,Pontiac,1834.92
454,Sayres,MacCoughan,smaccoughancl@epa.gov,Oman,Yotz,Volvo,1807.22
455,Karlen,Abbie,kabbiecm@sciencedirect.com,Kuwait,Yodel,Volvo,7481.24
456,Kerry,Perview,kperviewcn@house.gov,Philippines,Livetube,Dodge,2600.49
457,Lionel,Francklyn,lfrancklynco@dyndns.org,Colombia,LiveZ,Mitsubishi,6904.58
458,Siobhan,Geater,sgeatercp@g.co,Mexico,Zoombox,Toyota,1457.95
459,Guinevere,Jorg,gjorgcq@wisc.edu,Norway,Topicblab,Chevrolet,73.27
460,Bailey,Gaughan,bgaughancr@shinystat.com,Afghanistan,Nlounge,Maybach,5134.21
461,Karla,Pittel,kpittelcs@dailymotion.com,Indonesia,Fadeo,Mercedes-Benz,9347.2
462,Gracia,MacCallum,gmaccallumct@whitehouse.gov,Poland,Oba,Saturn,7308.12
463,Keelia,Want,kwantcu@ucsd.edu,Iraq,Yoveo,Ford,6966.03
464,Kearney,Wippermann,kwippermanncv@bravesites.com,United Kingdom,Skinder,Ford,7884.67
465,Lira,Sarson,lsarsoncw@hatena.ne.jp,Poland,Browsecat,Kia,7949.59
466,Mozes,Ternouth,mternouthcx@oakley.com,Finland,Youspan,Aston Martin,304.33
467,Dionne,Kerrod,dkerrodcy@cmu.edu,Ukraine,Dynabox,Ford,3895.23
468,Hermina,Boram,hboramcz@cafepress.com,France,Kazio,GMC,2081.96
469,Darryl,Kindleside,dkindlesided0@sitemeter.com,Indonesia,Aimbu,GMC,6039.79
470,Danika,Yanin,dyanind1@nbcnews.com,Philippines,Jayo,Lexus,3159.42
471,Georgeanna,Kivelle,gkivelled2@fda.gov,France,Trunyx,Audi,9107.41
472,Chantalle,Burghall,cburghalld3@virginia.edu,Finland,Centimia,Saab,2318.2
473,Lyndel,Puckett,lpuckettd4@rediff.com,China,Skiptube,Honda,4745.31
474,Sarette,Halling,shallingd5@admin.ch,China,Blogtag,GMC,2620.82
475,Corenda,Godard,cgodardd6@networksolutions.com,Greece,Agimba,Saab,511.13
476,Kimbell,Pietrasik,kpietrasikd7@yolasite.com,Egypt,Topicblab,Dodge,5632.36
477,Cyrillus,Blaisdale,cblaisdaled8@tuttocitta.it,Indonesia,Skipfire,Chevrolet,5662.8
478,Vallie,Claibourn,vclaibournd9@cmu.edu,Thailand,Bubblemix,Volvo,63.86
479,Gery,Aizikov,gaizikovda@bizjournals.com,France,Wikivu,Volkswagen,4199.23
480,Ted,Taks,ttaksdb@diigo.com,Peru,Feedbug,Nissan,5652.6
481,Omero,Radloff,oradloffdc@ucsd.edu,Indonesia,Skalith,Dodge,8934.35
482,Grant,Jedrzaszkiewicz,gjedrzaszkiewiczdd@who.int,China,Kaymbo,Saturn,914.63
483,Daven,Durbridge,ddurbridgede@nifty.com,Nigeria,Jaxworks,Subaru,4562.57
484,Jacquenette,Luisetti,jluisettidf@un.org,Guatemala,Livetube,Pontiac,5920.45
485,Jereme,Charnley,jcharnleydg@gov.uk,Indonesia,Kayveo,Mitsubishi,3291.37
486,Marylou,Mathieu,mmathieudh@marriott.com,Brazil,Twimbo,Volkswagen,7986.81
487,Legra,Leete,lleetedi@tiny.cc,Panama,Skajo,Audi,3199.86
488,Cy,Broun,cbroundj@studiopress.com,China,Abatz,Scion,164.13
489,Marlee,Janisson,mjanissondk@archive.org,Japan,Oyondu,Volkswagen,727.99
490,Saunderson,O'Loinn,soloinndl@apple.com,Ukraine,Realblab,Acura,4633.05
491,Bruis,Lonergan,blonergandm@lulu.com,New Zealand,Talane,Volkswagen,546.05
492,Trstram,Diggins,tdigginsdn@hibu.com,Ukraine,Babbleopia,Mercury,1969.23
493,Jack,Hastilow,jhastilowdo@networkadvertising.org,France,Aimbu,Mercedes-Benz,6970.17
494,Chiquia,Shillito,cshillitodp@ucoz.ru,China,Jaxnation,Lexus,6030.7
495,Adriane,Mioni,amionidq@sogou.com,China,Dabjam,Toyota,5878.52
496,Hyacinthe,O'Flynn,hoflynndr@telegraph.co.uk,Malaysia,DabZ,Mercedes-Benz,6508.69
497,Shurwood,Irnys,sirnysds@amazon.co.uk,Indonesia,Eazzy,Honda,7793.11
498,Yurik,Livzey,ylivzeydt@toplist.cz,Portugal,Photospace,Cadillac,8193.17
499,Elroy,Tortoise,etortoisedu@i2i.jp,Bolivia,Oba,Chevrolet,4927.64
500,Devonne,Loosley,dloosleydv@constantcontact.com,China,Devcast,Mercury,6487.38
501,Nancee,Argile,nargiledw@taobao.com,Russia,Photobean,Volkswagen,7543.25
502,Bealle,Syphus,bsyphusdx@thetimes.co.uk,Philippines,Fliptune,Infiniti,4191.64
503,Saxon,Mundford,smundforddy@twitter.com,Sweden,Tambee,Audi,8094.89
504,Galven,Lidington,glidingtondz@vinaora.com,China,Rhyloo,Hummer,7938.84
505,Dedie,Linham,dlinhame0@purevolume.com,Belarus,Fivebridge,Mazda,7902.19
506,Melonie,Karolewski,mkarolewskie1@feedburner.com,Russia,Brightdog,Volkswagen,180.9
507,Harv,MacFie,hmacfiee2@msn.com,China,Viva,Mitsubishi,6542.4
508,Skylar,Rennix,srennixe3@stumbleupon.com,Canada,Feedfire,Chevrolet,3822.29
509,Ronnica,Channing,rchanninge4@mapy.cz,China,Bluejam,BMW,8831.98
510,Lorette,Di Bartolomeo,ldibartolomeoe5@sphinn.com,Mali,Buzzdog,GMC,3188.23
511,Jess,Hodinton,jhodintone6@symantec.com,Cameroon,Zoonder,Suzuki,7286.53
512,Tonya,Delaney,tdelaneye7@t.co,Slovenia,Oyoloo,Acura,8900.13
513,Shellie,Maryin,smaryine8@stanford.edu,China,Quatz,Jeep,3246.21
514,Lizette,Hardiman,lhardimane9@hc360.com,Syria,Browseblab,Toyota,8716.19
515,Doria,McGruar,dmcgruarea@wikispaces.com,France,Devbug,Pontiac,676.02
516,Willis,Deards,wdeardseb@indiatimes.com,Canada,Leenti,Audi,6350.81
517,Emmey,Mazzeo,emazzeoec@tuttocitta.it,Iran,Jaloo,Hyundai,9929.43
518,Spense,Ethersey,setherseyed@webnode.com,China,Myworks,Toyota,2400.49
519,Hailee,MacMichael,hmacmichaelee@example.com,Italy,LiveZ,GMC,1052.99
520,Teodoor,Billany,tbillanyef@yale.edu,France,Twimm,Ford,2334.04
521,Batsheva,Pearcehouse,bpearcehouseeg@time.com,Peru,Photobean,Dodge,5901.29
522,Lory,Konke,lkonkeeh@discovery.com,Vietnam,Zoombeat,Volkswagen,6743.44
523,Karel,Ivetts,kivettsei@webs.com,China,Devpulse,Mercury,5232.75
524,Dix,Leach,dleachej@etsy.com,Thailand,Zooxo,Ford,2099.54
525,Antoinette,Leather,aleatherek@chicagotribune.com,France,Zooxo,Mercedes-Benz,3400.29
526,Lurlene,Ratke,lratkeel@oakley.com,China,Photolist,Subaru,3933.4
527,Morissa,Plum,mplumem@mail.ru,Jordan,Wikizz,BMW,3045.37
528,Etienne,Brewood,ebrewooden@state.gov,Turkmenistan,Meevee,Volkswagen,5600.47
529,Sebastian,Kelley,skelleyeo@omniture.com,Indonesia,Aibox,Ford,9073.15
530,Catina,Cater,ccaterep@sogou.com,Bulgaria,Eare,Lamborghini,400.64
531,Lorrin,Iowarch,liowarcheq@123-reg.co.uk,Japan,Mydeo,Dodge,4553.74
532,Aubrey,Fearey,afeareyer@i2i.jp,Spain,Wikizz,Buick,3965.19
533,Tadd,Biaggioli,tbiaggiolies@chronoengine.com,China,Innojam,Mazda,7589.81
534,Roscoe,Gaze,rgazeet@mediafire.com,Portugal,Podcat,Dodge,3309.55
535,Melita,Seide,mseideeu@dailymail.co.uk,Czech Republic,Jayo,Mitsubishi,3744.11
536,Gregor,Jirak,gjirakev@networkadvertising.org,Czech Republic,Dabshots,Lexus,7764.15
537,Dev,Goldbourn,dgoldbournew@de.vu,China,Izio,Pontiac,776.91
538,Ruprecht,Griffithe,rgriffitheex@oaic.gov.au,Peru,Livefish,BMW,8531.61
539,Saxon,Scally,sscallyey@time.com,Ireland,Wordify,Audi,746.37
540,Kalvin,Lantaff,klantaffez@altervista.org,Indonesia,Skinder,GMC,1279.72
541,Marta,Keegan,mkeeganf0@unesco.org,Canada,Fatz,Cadillac,5760.09
542,Ivette,Nichol,inicholf1@loc.gov,Brazil,Digitube,Toyota,6362.27
543,Suzie,Dunn,sdunnf2@goo.gl,Indonesia,Trilia,GMC,418.16
544,Rebe,Thurman,rthurmanf3@examiner.com,Somalia,Plambee,BMW,7729.62
545,Rosabel,Kerridge,rkerridgef4@wired.com,China,Yamia,Chevrolet,7295.28
546,Walden,Biggins,wbigginsf5@blog.com,Svalbard and Jan Mayen,Meevee,Mazda,9848.86
547,Willie,Robun,wrobunf6@sina.com.cn,Indonesia,Divape,Audi,1620.17
548,Blaine,Gelly,bgellyf7@google.nl,Indonesia,Flashdog,Pontiac,8724.54
549,Starlin,Skase,sskasef8@wisc.edu,Brazil,Bubblemix,Ford,722.48
550,Aile,Linkie,alinkief9@ehow.com,Portugal,Eabox,Nissan,6832.9
551,Abbey,Blatherwick,ablatherwickfa@rambler.ru,Russia,Oyoloo,Ford,1942.67
552,Tymon,Nettle,tnettlefb@guardian.co.uk,Ghana,Jabbercube,Volvo,1435.35
553,Debor,Flores,dfloresfc@parallels.com,Canada,Yombu,Toyota,9396.71
554,Donielle,Denerley,ddenerleyfd@exblog.jp,France,Kanoodle,Chevrolet,1582.85
555,Dora,Jewar,djewarfe@meetup.com,China,Camido,Lincoln,256.3
556,Lari,Suddell,lsuddellff@sitemeter.com,Philippines,Ntags,Kia,5821.35
557,Marty,Bremeyer,mbremeyerfg@howstuffworks.com,France,Dynabox,Isuzu,5636.41
558,Banky,Crisall,bcrisallfh@gmpg.org,Uganda,Topicblab,Buick,3868.21
559,Diana,McInteer,dmcinteerfi@discuz.net,Israel,Realcube,Suzuki,8417.51
560,Adelina,Newbatt,anewbattfj@mit.edu,China,Brainverse,Mazda,4519.11
561,Tedie,Ties,ttiesfk@japanpost.jp,Mongolia,Centizu,Ford,6181.79
562,Fletcher,Ship,fshipfl@jugem.jp,Ukraine,Digitube,Hyundai,2690.02
563,Rivi,Parmeter,rparmeterfm@instagram.com,Portugal,Mudo,Honda,6973.77
564,Betta,Lauder,blauderfn@weebly.com,Philippines,Eare,Bentley,9662.63
565,Berkeley,Dines,bdinesfo@ebay.com,Serbia,Fanoodle,Nissan,8892.75
566,Birdie,Kirkbright,bkirkbrightfp@tuttocitta.it,Colombia,Eire,Chevrolet,3237.02
567,Marlena,Scrivenor,mscrivenorfq@unc.edu,Indonesia,Yata,Saab,8134.87
568,Erina,Fuidge,efuidgefr@acquirethisname.com,Philippines,Fivespan,BMW,8921.89
569,Kelby,Furman,kfurmanfs@flavors.me,Poland,Quinu,Audi,9326.0
570,Rowland,Knutton,rknuttonft@cpanel.net,China,Meedoo,Mitsubishi,944.3
571,Madelin,O'Dogherty,modoghertyfu@ask.com,Indonesia,Feedspan,Mazda,9272.1
572,Gordon,O'Hartagan,gohartaganfv@drupal.org,Uruguay,Jayo,Isuzu,871.38
573,Nani,Becker,nbeckerfw@columbia.edu,China,Brainbox,Citroën,9393.49
574,Russ,Espinet,respinetfx@twitter.com,Indonesia,Photolist,Chevrolet,9713.81
575,Brandea,Balmer,bbalmerfy@gnu.org,Brazil,Kazio,Land Rover,3085.71
576,Evelin,Lindemann,elindemannfz@opensource.org,Ukraine,Riffpath,Toyota,680.17
577,Shirlee,Coldbathe,scoldbatheg0@t.co,Indonesia,Meembee,GMC,586.63
578,Helen,Franzelini,hfranzelinig1@reuters.com,France,Yodo,Nissan,2936.99
579,Ardelia,Bozworth,abozworthg2@yellowbook.com,Indonesia,Meetz,Pontiac,4633.28
580,Ansley,Maddie,amaddieg3@mozilla.com,Russia,Twitternation,Toyota,2741.37
581,Allissa,Treacy,atreacyg4@themeforest.net,Nigeria,Tazz,Chevrolet,5265.08
582,Ross,Huetson,rhuetsong5@ox.ac.uk,Kyrgyzstan,Jabbertype,Ford,9794.55
583,Kissee,Conklin,kconkling6@wisc.edu,China,Chatterpoint,Dodge,8029.58
584,Leroi,Petlyura,lpetlyurag7@sciencedaily.com,Zimbabwe,Devbug,BMW,2502.92
585,Archibaldo,Fallow,afallowg8@exblog.jp,Brazil,Jetpulse,Chevrolet,6901.01
586,Dov,Cubbit,dcubbitg9@cargocollective.com,China,Brainverse,Pontiac,8363.7
587,Aimee,Boshell,aboshellga@gmpg.org,Indonesia,Wikivu,Subaru,6463.38
588,Bonni,Kenealy,bkenealygb@cbc.ca,Bhutan,Layo,Chrysler,8950.05
589,Mamie,Duggary,mduggarygc@usa.gov,Brazil,Realcube,Nissan,1557.2
590,Kearney,Bothie,kbothiegd@sitemeter.com,Afghanistan,Aibox,Chevrolet,4505.62
591,Tamar,Pidduck,tpidduckge@bbb.org,Greece,Wikizz,Volvo,8510.98
592,Emmet,Matyasik,ematyasikgf@pbs.org,China,Pixoboo,Mitsubishi,6944.82
593,Cicely,Bullin,cbullingg@fda.gov,Czech Republic,Eimbee,Isuzu,3267.05
594,Haily,Olenchikov,holenchikovgh@last.fm,Portugal,Vimbo,Mitsubishi,2609.05
595,Alleen,Grove,agrovegi@zimbio.com,Indonesia,Wordpedia,Lincoln,3436.82
596,Stafford,Greenan,sgreenangj@hatena.ne.jp,Russia,Brainbox,Chevrolet,6755.96
597,Raleigh,Juszczak,rjuszczakgk@spiegel.de,Chad,Ailane,Buick,9584.62
598,Shayna,Verick,sverickgl@mozilla.org,China,Voonyx,Infiniti,3442.64
599,Erastus,Fantone,efantonegm@mozilla.org,Colombia,Avamm,Ford,5036.85
600,Mariel,Gittose,mgittosegn@apache.org,Brazil,Skiba,Ford,4681.83
601,Edlin,Megarry,emegarrygo@smugmug.com,Indonesia,Kanoodle,Volvo,783.4
602,Sophey,Chapellow,schapellowgp@answers.com,Indonesia,Trilia,Mercedes-Benz,8786.99
603,Wilie,Affuso,waffusogq@yandex.ru,Venezuela,Quatz,Toyota,4116.12
604,Sib,Merrisson,smerrissongr@bbc.co.uk,Cuba,Jaloo,Bentley,4193.11
605,Jareb,Dowber,jdowbergs@wp.com,Indonesia,Flashdog,Toyota,6476.34
606,Venita,Schanke,vschankegt@ocn.ne.jp,Indonesia,Voonix,Suzuki,81.5
607,Jo-ann,Tillard,jtillardgu@fastcompany.com,Philippines,Oyondu,Land Rover,5027.26
608,Michelina,Fawdrie,mfawdriegv@whitehouse.gov,Armenia,Jabberstorm,Mercedes-Benz,9063.01
609,Kai,Mumberson,kmumbersongw@creativecommons.org,Ukraine,Skidoo,Infiniti,246.26
610,Buckie,Geekin,bgeekingx@webs.com,Sweden,Demizz,Mitsubishi,930.38
611,Maryrose,Buckthorp,mbuckthorpgy@ning.com,Lithuania,Twitterworks,Suzuki,1202.67
612,Aldric,de la Tremoille,adelatremoillegz@123-reg.co.uk,South Korea,Aibox,Ford,7196.79
613,Mariel,Till,mtillh0@ft.com,China,Ailane,GMC,8093.13
614,Orrin,Stoyle,ostoyleh1@altervista.org,Portugal,Browsedrive,Saturn,4227.75
615,Berke,Stillman,bstillmanh2@jiathis.com,United States,Zoomdog,Chevrolet,2937.38
616,Fanny,Cowill,fcowillh3@reddit.com,South Korea,Devpoint,Pontiac,7695.46
617,Holli,Ruste,hrusteh4@slideshare.net,Thailand,Meetz,Toyota,9595.69
618,Warde,Lotherington,wlotheringtonh5@miitbeian.gov.cn,China,Yodoo,Mercedes-Benz,4844.96
619,Nathaniel,Kemmer,nkemmerh6@topsy.com,Russia,Mydeo,Nissan,1497.25
620,Alain,Busse,abusseh7@marketwatch.com,Slovenia,Skiba,Suzuki,1014.03
621,Paolo,Wakely,pwakelyh8@wunderground.com,Canada,Realbuzz,Saturn,2763.32
622,Gabrila,Thain,gthainh9@blogspot.com,Russia,Voolith,Honda,8484.46
623,Romain,De la Yglesia,rdelayglesiaha@dell.com,Turkmenistan,Zoovu,Audi,1104.73
624,Thedrick,Rosenstiel,trosenstielhb@dot.gov,China,Leenti,Oldsmobile,5769.82
625,Way,Seath,wseathhc@ocn.ne.jp,Serbia,Rhycero,Jaguar,4372.34
626,Callie,Witchard,cwitchardhd@ft.com,Portugal,Plambee,Audi,873.04
627,Cherie,Segoe,csegoehe@dedecms.com,Indonesia,Yadel,Maserati,1995.58
628,Cynde,Tregunna,ctregunnahf@cam.ac.uk,Yemen,Twiyo,Ford,351.18
629,Costanza,Niezen,cniezenhg@whitehouse.gov,Italy,Jetpulse,BMW,7403.35
630,Lennard,Deveril,ldeverilhh@unblog.fr,Poland,Zoomcast,Land Rover,8122.71
631,Simonne,Penton,spentonhi@cpanel.net,Indonesia,Blogtags,Chrysler,4597.76
632,Alli,Sandall,asandallhj@princeton.edu,Philippines,Eidel,Jaguar,2509.49
633,Goldarina,Lumby,glumbyhk@gmpg.org,Brazil,Tagtune,BMW,841.06
634,Merrie,Arnull,marnullhl@sina.com.cn,Liechtenstein,Dabshots,Mercury,1264.23
635,Bondie,Bagge,bbaggehm@ameblo.jp,Japan,Chatterpoint,Jaguar,1053.98
636,Dionysus,O'Kelly,dokellyhn@umich.edu,France,Photobean,Lincoln,8292.32
637,Harland,Coffee,hcoffeeho@google.ru,Indonesia,Izio,Chevrolet,7382.96
638,Evangelin,Portchmouth,eportchmouthhp@twitter.com,Kazakhstan,Eidel,Saab,4977.78
639,Eugene,Paula,epaulahq@istockphoto.com,Argentina,Meetz,Ford,4169.84
640,Marge,Ibbett,mibbetthr@msn.com,France,Meejo,Porsche,9860.72
641,Artair,Jurczak,ajurczakhs@theguardian.com,Serbia,Aivee,Land Rover,4524.06
642,Bordy,Connold,bconnoldht@chron.com,Georgia,Meetz,Chevrolet,750.0
643,Ingra,Knok,iknokhu@zdnet.com,Thailand,Eare,Subaru,3310.99
644,Fianna,Fidian,ffidianhv@sourceforge.net,Brazil,Zooveo,Ford,2596.09
645,Daile,Tirone,dtironehw@mit.edu,Poland,BlogXS,Mitsubishi,9834.95
646,Ody,Wrettum,owrettumhx@dailymail.co.uk,Slovakia,Tavu,Ford,8112.43
647,Jamill,Maryon,jmaryonhy@buzzfeed.com,Somalia,Topicstorm,Cadillac,8208.91
648,Krishnah,Mathelin,kmathelinhz@geocities.jp,Japan,Flashset,Dodge,802.03
649,Joey,Fayers,jfayersi0@state.gov,Papua New Guinea,Trilith,Cadillac,8395.39
650,Misti,Titterton,mtittertoni1@sitemeter.com,Poland,Jabbersphere,Chevrolet,1573.05
651,Terence,Capes,tcapesi2@spotify.com,China,Topiclounge,Toyota,8734.09
652,Gilbertine,Creaven,gcreaveni3@1688.com,Brazil,Gigabox,Volkswagen,4716.4
653,Chrissie,Labrenz,clabrenzi4@goo.gl,Brazil,Mycat,Chrysler,5782.94
654,Waldo,Cossons,wcossonsi5@unesco.org,Ethiopia,Dynabox,Hyundai,9417.65
655,Zacharie,Moorman,zmoormani6@techcrunch.com,Greece,Innojam,Volkswagen,7770.2
656,Drucill,Perl,dperli7@constantcontact.com,Colombia,Realfire,Ford,3787.56
657,Cullan,Taffee,ctaffeei8@mozilla.com,Croatia,Skaboo,Acura,8790.53
658,Jori,Ghiroldi,jghiroldii9@boston.com,China,Devcast,Chevrolet,4181.09
659,Rik,Kovelmann,rkovelmannia@meetup.com,China,Wikibox,Dodge,3765.56
660,Didi,Hullbrook,dhullbrookib@amazon.co.uk,Indonesia,Youbridge,Lincoln,2173.51
661,Arden,Streader,astreaderic@aboutads.info,China,Photobean,Volkswagen,5561.16
662,Leela,Temlett,ltemlettid@bizjournals.com,United States,Podcat,Ford,9980.34
663,Mahmoud,Georgeou,mgeorgeouie@merriam-webster.com,Germany,Zoomlounge,Volvo,1138.6
664,Davine,Keuntje,dkeuntjeif@columbia.edu,China,Twimm,Plymouth,930.63
665,Kendre,Khosa,kkhosaig@cbsnews.com,France,Skyba,Audi,7820.83
666,Perry,Meenan,pmeenanih@cmu.edu,Portugal,Browsebug,Ford,2717.57
667,Worth,Jordan,wjordanii@barnesandnoble.com,Croatia,Katz,Subaru,1918.42
668,Faun,Mulhill,fmulhillij@tinypic.com,Brazil,Kwinu,Infiniti,3362.94
669,Verney,Finder,vfinderik@angelfire.com,China,Twitternation,BMW,2906.4
670,Raphael,Coady,rcoadyil@engadget.com,Peru,Eire,Chevrolet,3247.95
671,Natalina,Diperaus,ndiperausim@bloglovin.com,Indonesia,Riffpath,Mitsubishi,8910.84
672,Avram,Molson,amolsonin@xinhuanet.com,Indonesia,Devshare,Chevrolet,1960.08
673,Sydney,Revance,srevanceio@skype.com,Iraq,Browsebug,Ford,1549.28
674,Tanny,Fassmann,tfassmannip@army.mil,Pakistan,Tagtune,Pontiac,9935.09
675,Chrissy,Durrett,cdurrettiq@creativecommons.org,Ivory Coast,Rhynoodle,BMW,3365.69
676,Hewe,Gommowe,hgommoweir@cmu.edu,Japan,Divavu,Lincoln,4339.42
677,Colette,Grahlmans,cgrahlmansis@hc360.com,Jamaica,Myworks,Audi,2044.97
678,Cherianne,Hradsky,chradskyit@live.com,China,Edgeify,Subaru,6174.46
679,Case,Shreeves,cshreevesiu@printfriendly.com,China,Edgeclub,Chrysler,9776.1
680,Anders,Zollner,azollneriv@ed.gov,Indonesia,Brightdog,Maserati,3260.35
681,Justina,Chesney,jchesneyiw@youtu.be,Mexico,Devcast,Chevrolet,6017.53
682,Gianni,Engley,gengleyix@nytimes.com,China,Livetube,Porsche,7355.01
683,Hanna,Ossipenko,hossipenkoiy@buzzfeed.com,China,Linktype,Pontiac,431.18
684,Eleni,Clendening,eclendeningiz@mapy.cz,Maldives,Eadel,Mitsubishi,9274.3
685,Jordan,Audus,jaudusj0@posterous.com,Indonesia,Realbridge,Mercedes-Benz,1754.44
686,Gennifer,Diperaus,gdiperausj1@cbc.ca,Poland,Skinix,Kia,5515.75
687,Gabriela,Siehard,gsiehardj2@ucla.edu,China,Tagfeed,Volkswagen,8340.39
688,Wolfie,Bragg,wbraggj3@fastcompany.com,Peru,Digitube,Volkswagen,6781.67
689,Anitra,Bolesma,abolesmaj4@pbs.org,Benin,Wikizz,Dodge,9585.2
690,Carri,Aird,cairdj5@bbc.co.uk,Albania,Teklist,GMC,4101.14
691,Bessie,Dewing,bdewingj6@xinhuanet.com,Sweden,Meedoo,Dodge,1378.14
692,Enriqueta,Axtell,eaxtellj7@newsvine.com,France,Twinte,Ford,8813.88
693,Chadwick,Forsythe,cforsythej8@cocolog-nifty.com,China,Gabvine,Mazda,4578.19
694,Phaidra,Line,plinej9@ezinearticles.com,Ghana,Voomm,Ford,8697.86
695,Quinn,Ianniello,qiannielloja@epa.gov,Pakistan,Wikido,Oldsmobile,5478.89
696,Jude,Groomebridge,jgroomebridgejb@g.co,Poland,Devshare,Ford,2802.55
697,Kaycee,Anthoin,kanthoinjc@businesswire.com,Indonesia,Flashpoint,Pontiac,1418.68
698,Caron,Tomaszewicz,ctomaszewiczjd@miibeian.gov.cn,Indonesia,Flashset,Mitsubishi,5035.72
699,Jamil,Krol,jkrolje@bandcamp.com,Indonesia,Jamia,Mitsubishi,7473.32
700,Halimeda,Aizikov,haizikovjf@mail.ru,Czech Republic,Ailane,Chevrolet,4427.04
701,Currey,Eastwell,ceastwelljg@paginegialle.it,Senegal,Jatri,Mazda,1456.67
702,Maighdiln,Schober,mschoberjh@mit.edu,Morocco,Youspan,BMW,8098.32
703,Melisandra,Stoffel,mstoffelji@networksolutions.com,Mongolia,Divavu,Mazda,7158.38
704,Anatole,Mountstephen,amountstephenjj@geocities.com,Portugal,Wikido,Mitsubishi,4152.1
705,Abbie,Congdon,acongdonjk@hp.com,China,Tazz,Ford,7444.83
706,Alaric,Swinney,aswinneyjl@wordpress.org,France,Ailane,Nissan,4711.72
707,Alic,Bradie,abradiejm@nbcnews.com,Netherlands,Kwilith,Lexus,143.95
708,Adrianne,Laite,alaitejn@disqus.com,Russia,Leexo,Ford,4964.52
709,Karlie,Cramp,kcrampjo@last.fm,Kyrgyzstan,Dynabox,Hyundai,672.78
710,Corella,Scaplehorn,cscaplehornjp@accuweather.com,Colombia,Tagtune,Ford,6391.79
711,Wald,Millwall,wmillwalljq@rediff.com,Indonesia,Ailane,Eagle,401.03
712,Shantee,Tenant,stenantjr@goodreads.com,China,Twitternation,Mitsubishi,4536.57
713,Dre,Jelf,djelfjs@ebay.com,Philippines,Skiba,Mercedes-Benz,3609.7
714,Lindsay,Burbage,lburbagejt@about.me,Indonesia,Buzzster,Lexus,2412.38
715,Ray,Phipard-Shears,rphipardshearsju@simplemachines.org,Indonesia,Devcast,Hyundai,1373.94
716,Silvester,Halvorsen,shalvorsenjv@seesaa.net,Indonesia,Fivebridge,Toyota,9204.3
717,Ugo,Takkos,utakkosjw@scientificamerican.com,Croatia,Skinix,BMW,1007.35
718,Lisbeth,Cristoforo,lcristoforojx@hud.gov,Central African Republic,Skippad,Dodge,9297.65
719,Kevina,Jesper,kjesperjy@icio.us,Russia,Skajo,Chrysler,9942.52
720,Oliy,Norcott,onorcottjz@pagesperso-orange.fr,Philippines,Wikibox,Aston Martin,4510.97
721,Catha,Bygrave,cbygravek0@upenn.edu,China,Dablist,Pontiac,2282.07
722,Alfonse,Melmoth,amelmothk1@jugem.jp,Indonesia,Skinder,Nissan,6235.86
723,Charmane,Douche,cdouchek2@facebook.com,Thailand,Mita,Lincoln,6135.45
724,Naomi,Mattiato,nmattiatok3@gravatar.com,Indonesia,Fivebridge,Buick,9054.71
725,Nellie,Cordell,ncordellk4@themeforest.net,Palau,Topdrive,Volkswagen,4113.05
726,Hendrik,Ordish,hordishk5@state.gov,Philippines,Babbleset,BMW,8293.96
727,Dulcie,Goodrick,dgoodrickk6@facebook.com,Brazil,Zoovu,Cadillac,1581.8
728,Winifield,Laimable,wlaimablek7@zdnet.com,Brazil,Shuffletag,GMC,929.51
729,Emmalee,Coathup,ecoathupk8@issuu.com,Greece,Yamia,Jeep,1945.53
730,Jozef,Bellew,jbellewk9@dmoz.org,Indonesia,Twitterworks,Nissan,5164.4
731,Ki,Punter,kpunterka@tuttocitta.it,China,Miboo,Tesla,9821.89
732,Roosevelt,Petrozzi,rpetrozzikb@alibaba.com,United Kingdom,Wordpedia,Honda,6345.07
733,Binnie,Studders,bstudderskc@imageshack.us,Paraguay,Twitterbridge,Pontiac,862.37
734,Justus,Rysdale,jrysdalekd@auda.org.au,Greece,Lazz,Volkswagen,8771.34
735,Coletta,Wohler,cwohlerke@salon.com,France,Topdrive,Nissan,7087.67
736,Bernardine,Vinker,bvinkerkf@indiatimes.com,China,Myworks,Ford,8452.95
737,Maris,Eakens,meakenskg@msn.com,Brazil,Dabtype,Hyundai,8726.9
738,Adelbert,Lightwood,alightwoodkh@godaddy.com,Indonesia,Kazio,Chrysler,846.49
739,Arny,Jagg,ajaggki@weibo.com,Argentina,Zoomcast,Mercedes-Benz,1374.0
740,Imojean,Schust,ischustkj@dot.gov,Russia,Devshare,Ford,6303.33
741,Cherice,Parmby,cparmbykk@hp.com,Greece,Yambee,Saturn,294.12
742,Alma,Mullinger,amullingerkl@blogs.com,Indonesia,Skynoodle,Chevrolet,4548.48
743,Cal,Dannell,cdannellkm@moonfruit.com,Palestinian Territory,Kimia,Mazda,9541.45
744,De,Clewley,dclewleykn@purevolume.com,Brazil,Jayo,Buick,1932.22
745,Gussy,Newcombe,gnewcombeko@php.net,Greece,Ailane,Dodge,9119.91
746,Irvine,Tubbles,itubbleskp@boston.com,Indonesia,Innojam,Nissan,3875.47
747,Ardys,Rowling,arowlingkq@php.net,Poland,Muxo,Plymouth,264.52
748,Arthur,Beggan,abeggankr@guardian.co.uk,Colombia,Ozu,Honda,2942.44
749,Dari,Darbon,ddarbonks@tinyurl.com,China,Babbleblab,Chevrolet,7974.25
750,Field,Armall,farmallkt@instagram.com,Indonesia,Rhycero,Volkswagen,566.42
751,Lars,Birnie,lbirnieku@shareasale.com,China,Jatri,Ford,7247.95
752,Jaymie,Wogden,jwogdenkv@ow.ly,China,Twiyo,BMW,287.14
753,Erin,Candish,ecandishkw@nps.gov,China,Voomm,Honda,7745.25
754,Camella,Masser,cmasserkx@google.com.hk,Iran,Agivu,Chevrolet,7887.17
755,Uri,Monte,umonteky@vk.com,Sweden,Camido,Volvo,1636.6
756,Ailis,McBlain,amcblainkz@statcounter.com,Moldova,Feedbug,Mazda,6553.84
757,Ted,Hamor,thamorl0@unicef.org,Thailand,Brainbox,Nissan,398.05
758,Roz,Kelwaybamber,rkelwaybamberl1@businesswire.com,Saudi Arabia,Avaveo,Ford,8508.31
759,Luise,Andriveaux,landriveauxl2@home.pl,Solomon Islands,Yacero,Ford,3423.8
760,Dorice,Baud,dbaudl3@usatoday.com,El Salvador,Einti,Saab,6551.94
761,Cornelius,Tuberfield,ctuberfieldl4@cisco.com,Philippines,Eire,Pontiac,5722.6
762,Teodora,Geddis,tgeddisl5@state.gov,Colombia,Voomm,Lincoln,5495.71
763,Archambault,Summerside,asummersidel6@intel.com,Iceland,Realfire,Ford,6786.04
764,Lockwood,Looker,llookerl7@printfriendly.com,Portugal,DabZ,Chevrolet,7179.19
765,Denny,Manifold,dmanifoldl8@google.com,Canada,Rhyloo,Lincoln,181.78
766,Florie,Haxby,fhaxbyl9@flickr.com,France,Eare,Mercury,3425.1
767,Bird,Yekel,byekella@economist.com,Russia,Aivee,Toyota,3682.24
768,Lurleen,Castanyer,lcastanyerlb@seesaa.net,Canada,Jatri,Dodge,1153.17
769,Christy,Yu,cyulc@go.com,China,Aimbo,Aston Martin,1354.65
770,Pia,Elphey,pelpheyld@cafepress.com,Czech Republic,Skyndu,Volkswagen,5127.81
771,Arlen,Durand,adurandle@soup.io,China,Dynabox,Buick,4700.53
772,Nannette,Yvens,nyvenslf@google.es,China,Fivespan,Audi,9313.77
773,Townsend,Hellwing,thellwinglg@about.com,France,Dazzlesphere,Jeep,9638.44
774,Sella,Simonds,ssimondslh@yellowbook.com,Greece,Jayo,Porsche,7280.07
775,Rossie,O'Scannill,roscannillli@usnews.com,United States,Reallinks,Chevrolet,804.14
776,Bronson,McDonough,bmcdonoughlj@nationalgeographic.com,China,Oyoba,Toyota,2033.69
777,Arabel,Spollen,aspollenlk@usa.gov,Japan,Youtags,Ford,4603.07
778,Gabe,Dedman,gdedmanll@imgur.com,United States,Gigashots,Mazda,2531.53
779,Modestia,Leirmonth,mleirmonthlm@google.co.jp,Indonesia,Wordware,Isuzu,9204.94
780,Pier,Letherbury,pletherburyln@com.com,China,Cogibox,Hyundai,855.12
781,Ailey,Mowett,amowettlo@usa.gov,Colombia,Divape,Toyota,9115.46
782,Nesta,Mathiasen,nmathiasenlp@myspace.com,China,Mybuzz,Hyundai,6051.82
783,Kizzie,Garlee,kgarleelq@wired.com,Sweden,Photobean,Audi,6240.01
784,Leighton,Gobeau,lgobeaulr@boston.com,Philippines,Skinder,Maserati,4102.84
785,Abby,Trickett,atrickettls@hao123.com,China,Blogtags,Toyota,7533.25
786,Lucias,Burleigh,lburleighlt@upenn.edu,Poland,Jabbersphere,Saab,469.58
787,Terrel,Mattiussi,tmattiussilu@rambler.ru,Thailand,Cogilith,Chevrolet,16.51
788,Jasmine,Skipper,jskipperlv@hugedomains.com,South Africa,Buzzdog,Mercury,3367.97
789,Billy,Udale,budalelw@prnewswire.com,Brazil,Feednation,Mitsubishi,2048.91
790,Meredeth,Puddephatt,mpuddephattlx@oakley.com,Indonesia,Zazio,Dodge,1388.57
791,Lonnie,Bleasby,lbleasbyly@sphinn.com,China,Wikizz,Plymouth,3401.74
792,Mollie,Joutapaitis,mjoutapaitislz@sina.com.cn,China,Midel,Chevrolet,2062.14
793,Tremain,Poad,tpoadm0@tmall.com,Canada,Thoughtbridge,Suzuki,1375.69
794,Georgianne,Dyos,gdyosm1@example.com,China,Dynabox,Nissan,2322.27
795,Caresa,Cypler,ccyplerm2@unesco.org,China,Feednation,GMC,7737.26
796,Ingemar,Snar,isnarm3@trellian.com,Philippines,Flashdog,Ford,6061.19
797,Korney,Hurring,khurringm4@unesco.org,Poland,Gabtype,Jeep,8441.46
798,Melosa,Tredger,mtredgerm5@imgur.com,United States,Browsezoom,Kia,7745.71
799,Gabby,McMeekin,gmcmeekinm6@hp.com,China,Edgepulse,GMC,8820.27
800,Beth,Maior,bmaiorm7@paginegialle.it,Brazil,Skiptube,Mercedes-Benz,8993.32
801,Salaidh,Kirtlan,skirtlanm8@cnn.com,Netherlands,Topicshots,Honda,3410.43
802,Aidan,Streader,astreaderm9@slate.com,China,Edgepulse,Saab,4006.04
803,Raf,Leonarde,rleonardema@vimeo.com,Philippines,Riffpedia,Hummer,2651.94
804,Nalani,Belvin,nbelvinmb@sfgate.com,Indonesia,Youspan,Nissan,9050.79
805,Mirella,Freeborne,mfreebornemc@pinterest.com,Indonesia,Topdrive,Mercedes-Benz,251.81
806,Florinda,Dullingham,fdullinghammd@altervista.org,Indonesia,Mynte,Toyota,8463.06
807,Audrye,Hum,ahumme@japanpost.jp,China,Zava,Isuzu,431.68
808,Dmitri,Grastye,dgrastyemf@arizona.edu,Brazil,Plajo,Toyota,8015.55
809,Danya,Albert,dalbertmg@opensource.org,Sweden,Zoonoodle,Chevrolet,4554.46
810,Sean,Dickens,sdickensmh@amazon.co.jp,Philippines,Jabbercube,Ford,6274.28
811,Worthy,Condie,wcondiemi@live.com,Russia,Dynazzy,Chevrolet,2233.77
812,Thorstein,Collington,tcollingtonmj@theatlantic.com,China,Yambee,Isuzu,5389.4
813,Eberto,Ivasyushkin,eivasyushkinmk@unesco.org,Nigeria,Eare,Toyota,6039.89
814,Moselle,Skylett,mskylettml@booking.com,Czech Republic,Realcube,Saab,1616.73
815,Florence,Baskeyfied,fbaskeyfiedmm@cargocollective.com,Poland,Skinder,Mercedes-Benz,9942.09
816,Christan,Bignall,cbignallmn@uiuc.edu,Ukraine,Wikibox,GMC,6549.96
817,Muire,Meagh,mmeaghmo@hubpages.com,Brazil,Youfeed,Chevrolet,9797.11
818,Bessy,Veevers,bveeversmp@creativecommons.org,Mexico,Roomm,Chevrolet,6745.61
819,Luther,Mochan,lmochanmq@disqus.com,Indonesia,Skivee,Porsche,7298.31
820,Joshuah,Drivers,jdriversmr@vkontakte.ru,Brazil,Kayveo,Infiniti,229.16
821,Margy,Canny,mcannyms@umn.edu,China,Brightbean,Chrysler,3354.54
822,Amandie,Petyankin,apetyankinmt@123-reg.co.uk,Russia,Meetz,Land Rover,9806.99
823,Paten,Medley,pmedleymu@ow.ly,Ukraine,Quamba,BMW,7956.01
824,Donia,Nettle,dnettlemv@parallels.com,Indonesia,InnoZ,Volkswagen,8274.08
825,Nancee,Garnall,ngarnallmw@google.com,United States,Fiveclub,Mitsubishi,8227.75
826,Jolee,Hulstrom,jhulstrommx@weibo.com,Peru,Edgeblab,Ford,7745.65
827,Angeline,Dunnion,adunnionmy@addthis.com,China,Kayveo,Chevrolet,4184.51
828,Marcy,Paternoster,mpaternostermz@google.com.br,Netherlands,Abata,Volvo,6163.69
829,Dore,Stallard,dstallardn0@vimeo.com,Indonesia,Jetpulse,Volkswagen,7007.86
830,Willy,Ilett,wilettn1@flickr.com,China,Thoughtworks,Acura,6859.87
831,Catlaina,Brasted,cbrastedn2@xrea.com,China,Kimia,Mitsubishi,5385.78
832,Northrup,Baudains,nbaudainsn3@dyndns.org,Vietnam,Eadel,Chevrolet,812.31
833,Anson,Lead,aleadn4@g.co,Japan,Quimba,Isuzu,8003.82
834,Arabele,d' Eye,adeyen5@moonfruit.com,Mongolia,Zooxo,Acura,2206.23
835,Enid,Jerram,ejerramn6@twitter.com,Sweden,Feedmix,Nissan,9650.24
836,Leonora,Hurndall,lhurndalln7@ameblo.jp,Moldova,Wikizz,Chevrolet,7762.81
837,Basia,Gelardi,bgelardin8@quantcast.com,Greece,Dazzlesphere,Infiniti,7707.87
838,Standford,Radolf,sradolfn9@usa.gov,China,Eazzy,Aston Martin,3713.6
839,Clari,Grunwall,cgrunwallna@tumblr.com,Philippines,Tambee,Infiniti,7506.3
840,Buiron,Sherringham,bsherringhamnb@state.tx.us,Indonesia,Devpoint,Jaguar,5729.51
841,Kirstin,Petruskevich,kpetruskevichnc@weather.com,China,Edgeblab,Nissan,1874.02
842,Vernor,Bickers,vbickersnd@github.com,Syria,Zoovu,Chevrolet,6087.96
843,Bennie,Hucklesby,bhucklesbyne@theatlantic.com,China,Myworks,Mercedes-Benz,9582.71
844,Nisse,O'Donegan,nodonegannf@ebay.co.uk,Tanzania,Voomm,Dodge,4877.68
845,Ringo,Woolager,rwoolagerng@mlb.com,China,Divanoodle,Lexus,328.42
846,Ariel,Tattersdill,atattersdillnh@livejournal.com,Japan,Youspan,Audi,1840.98
847,Jorry,Guyan,jguyanni@cyberchimps.com,Cameroon,Centidel,Toyota,5885.4
848,Randi,Pinnere,rpinnerenj@mozilla.com,Canada,Skimia,Hummer,2118.91
849,Leicester,Darmody,ldarmodynk@vimeo.com,Estonia,Zoombeat,Chevrolet,6376.21
850,Creighton,Willans,cwillansnl@opera.com,Philippines,Browseblab,Hyundai,5925.35
851,Frankie,McAvaddy,fmcavaddynm@boston.com,Uganda,Ainyx,GMC,4184.55
852,Sheppard,Farthing,sfarthingnn@nasa.gov,Vietnam,Cogilith,Volkswagen,8857.34
853,Melinda,Cristofanini,mcristofaninino@godaddy.com,Sweden,Kanoodle,GMC,3143.37
854,Gretal,Shurman,gshurmannp@latimes.com,China,Topicware,Mercedes-Benz,8207.2
855,Marmaduke,Oty,motynq@unc.edu,Colombia,Mynte,Toyota,3103.05
856,Seana,Ferrieri,sferrierinr@comcast.net,Uganda,Yakitri,BMW,3786.49
857,Brendin,Leiden,bleidenns@seesaa.net,Brazil,Gabtune,Jeep,8227.92
858,Maureene,Skitch,mskitchnt@time.com,Netherlands,Gabtype,Mitsubishi,3524.83
859,Ax,Farley,afarleynu@npr.org,Poland,Flashdog,Nissan,6440.84
860,Gustavus,Budcock,gbudcocknv@ox.ac.uk,Czech Republic,Plambee,Suzuki,3404.76
861,Vivyan,Sidgwick,vsidgwicknw@macromedia.com,Mexico,Realfire,Toyota,1912.65
862,Jammal,Chatwin,jchatwinnx@t-online.de,China,Ooba,BMW,5016.88
863,Salome,Vina,svinany@example.com,China,Gabcube,Kia,5503.8
864,Georgetta,Croce,gcrocenz@unesco.org,Sweden,Livefish,Ford,871.3
865,Tedra,Warn,twarno0@disqus.com,Ireland,Edgeify,Hyundai,5524.18
866,Adelbert,Gunter,aguntero1@51.la,Australia,Browsedrive,Suzuki,2770.06
867,Tatiana,Rodden,troddeno2@guardian.co.uk,Peru,Quimba,Mercury,4337.23
868,Any,Backshill,abackshillo3@yelp.com,Vietnam,Topiczoom,Chevrolet,4983.14
869,Franchot,Leinster,fleinstero4@tamu.edu,Philippines,Eare,Dodge,6670.88
870,Blondell,Vasilov,bvasilovo5@cloudflare.com,Finland,Camido,Toyota,678.99
871,Melly,Redwin,mredwino6@de.vu,Greece,Tagcat,Chevrolet,4166.84
872,Avrit,Scroxton,ascroxtono7@google.de,Thailand,Brainlounge,Mercury,7238.45
873,Rae,Ballingal,rballingalo8@technorati.com,Nigeria,Twitterwire,Dodge,151.7
874,Parry,Lauthian,plauthiano9@zimbio.com,Russia,Mynte,Mitsubishi,6561.93
875,Rudd,Rounsefell,rrounsefelloa@webmd.com,Indonesia,Realbuzz,Mazda,1605.05
876,Lief,Bruckstein,lbrucksteinob@1und1.de,Ireland,Janyx,Daewoo,1329.4
877,Mollie,Bouzek,mbouzekoc@artisteer.com,Belarus,Flashpoint,Isuzu,6534.19
878,Sofie,Fowley,sfowleyod@aol.com,Canada,Dynava,Mercury,3090.97
879,Roxanna,Pleace,rpleaceoe@barnesandnoble.com,Peru,Eire,Jaguar,4601.49
880,Ashla,Josef,ajosefof@amazon.de,China,Tagchat,Ford,2141.99
881,Barbette,Roddie,broddieog@vk.com,South Africa,Jaxspan,Lincoln,3413.04
882,Marysa,Mattaus,mmattausoh@dyndns.org,Poland,Zoomzone,Honda,438.58
883,Dela,Izard,dizardoi@flickr.com,Brazil,Twimm,Mercury,1154.26
884,Brittney,Baggot,bbaggotoj@wisc.edu,China,Divanoodle,GMC,282.15
885,Leeann,Nigh,lnighok@chron.com,Uzbekistan,Aivee,Dodge,2417.85
886,Lacie,Jeynes,ljeynesol@acquirethisname.com,France,Livefish,Chevrolet,5754.56
887,Catherina,Leedes,cleedesom@hhs.gov,Hungary,Meezzy,Subaru,6058.37
888,Orlando,Arnoll,oarnollon@google.de,Madagascar,Dazzlesphere,Buick,2413.1
889,Arvin,Britton,abrittonoo@comcast.net,Philippines,Eayo,Pontiac,5030.33
890,Gill,Simoncelli,gsimoncelliop@shop-pro.jp,Brazil,Mita,Mercedes-Benz,256.37
891,Lona,Chester,lchesteroq@wunderground.com,Panama,Miboo,Ford,579.88
892,Lizette,Ferryman,lferrymanor@vistaprint.com,Sweden,Voonyx,Lexus,8034.42
893,Wenona,Frowing,wfrowingos@t-online.de,Slovenia,Oba,Pontiac,1100.08
894,Sela,Heimann,sheimannot@goodreads.com,Slovenia,Zoomdog,GMC,6033.31
895,Leslie,Kinny,lkinnyou@usda.gov,China,Kaymbo,Pontiac,9638.13
896,Jany,Melody,jmelodyov@archive.org,China,Meevee,Ford,6808.03
897,Farica,Mea,fmeaow@mozilla.org,Philippines,Avaveo,Dodge,6376.71
898,Belita,Olivetta,bolivettaox@dot.gov,Peru,Npath,Ford,8209.57
899,Heda,Vallery,hvalleryoy@wikia.com,Poland,Zoomcast,Saab,9001.9
900,Leola,Bleythin,lbleythinoz@accuweather.com,China,Realbridge,Acura,4902.11
901,Lyn,Demchen,ldemchenp0@smugmug.com,Sweden,Youtags,Mercury,6846.82
902,Odilia,Rosoni,orosonip1@si.edu,China,Centimia,Dodge,6305.06
903,Mickie,Korfmann,mkorfmannp2@posterous.com,Indonesia,Flashspan,Toyota,8200.43
904,Gawain,L'Archer,glarcherp3@disqus.com,Syria,Cogidoo,Nissan,7173.15
905,Vale,Felce,vfelcep4@prweb.com,China,Skyble,Mercedes-Benz,5169.21
906,Lionello,Loos,lloosp5@wix.com,Sweden,Realfire,Isuzu,5646.79
907,Elia,Hentzeler,ehentzelerp6@walmart.com,Estonia,Cogidoo,Honda,1420.91
908,Elfrieda,Hamblington,ehamblingtonp7@princeton.edu,Indonesia,Bubbletube,Audi,7897.97
909,Dirk,Steabler,dsteablerp8@who.int,Peru,Mydeo,Acura,1752.54
910,Danie,Chismon,dchismonp9@squidoo.com,Philippines,Wordtune,Audi,1670.05
911,Kata,Baggalley,kbaggalleypa@theguardian.com,Philippines,Oyoyo,Mitsubishi,3163.11
912,Colman,Secrett,csecrettpb@nba.com,Burkina Faso,Jaloo,Nissan,469.73
913,Mela,Iuorio,miuoriopc@accuweather.com,Poland,Skilith,Chevrolet,4321.05
914,Franciska,Lehon,flehonpd@bravesites.com,Philippines,Rhybox,Ford,918.9
915,Rivy,Djokovic,rdjokovicpe@cpanel.net,France,Tazz,Chrysler,1062.72
916,Jonathan,Cleverley,jcleverleypf@unc.edu,Canada,Ntag,Mazda,6413.92
917,Jethro,Caroline,jcarolinepg@ning.com,Sweden,Edgewire,Mitsubishi,5286.06
918,Fonsie,Mcettrick,fmcettrickph@adobe.com,China,Twitternation,Mazda,7069.18
919,Jennie,Tailby,jtailbypi@hexun.com,Colombia,Cogidoo,Pontiac,6611.01
920,Katusha,Harbard,kharbardpj@japanpost.jp,Ethiopia,Topiczoom,Mercury,125.15
921,Ichabod,Shemmin,ishemminpk@dailymotion.com,United Arab Emirates,Ozu,Cadillac,6439.84
922,Ad,Feaviour,afeaviourpl@go.com,Brazil,Thoughtbeat,GMC,6847.8
923,Trip,MacMickan,tmacmickanpm@posterous.com,Slovenia,Yata,Pontiac,3392.0
924,Riordan,Bonfield,rbonfieldpn@vistaprint.com,Portugal,Trilith,Toyota,7824.71
925,Cris,Abisetti,cabisettipo@dailymotion.com,Ukraine,Cogidoo,Chevrolet,7097.9
926,Ladonna,Stockwell,lstockwellpp@techcrunch.com,South Africa,Buzzdog,Dodge,8128.73
927,Glyn,Screas,gscreaspq@sourceforge.net,Tanzania,Dabvine,Oldsmobile,468.24
928,Almira,Facher,afacherpr@dedecms.com,Portugal,Skivee,Volvo,1228.62
929,Kirsteni,Minall,kminallps@devhub.com,Argentina,Kimia,Chevrolet,3537.24
930,Sonni,Lygoe,slygoept@answers.com,China,Zava,Mitsubishi,76.48
931,Kylie,Monini,kmoninipu@jigsy.com,China,Yacero,GMC,9770.38
932,Marsha,Chettoe,mchettoepv@wikia.com,Russia,Yakitri,Toyota,8155.94
933,Georgine,Rowet,growetpw@freewebs.com,Ireland,Kanoodle,Ford,5512.29
934,Goldy,Gidden,ggiddenpx@dot.gov,Russia,Topiclounge,Mazda,4047.32
935,Bartholomeus,Jozsef,bjozsefpy@springer.com,Russia,Livetube,Volkswagen,7343.99
936,Murdoch,Baus,mbauspz@barnesandnoble.com,France,Yombu,Chrysler,6501.98
937,Bobby,Rumin,bruminq0@hubpages.com,Philippines,Zoombox,Saturn,5873.8
938,Marj,Rotte,mrotteq1@instagram.com,China,Gabtype,Honda,9919.37
939,Randal,Markie,rmarkieq2@infoseek.co.jp,Sweden,Zoombeat,Pontiac,8275.39
940,Rice,McIlvenna,rmcilvennaq3@odnoklassniki.ru,Malaysia,Photospace,Infiniti,807.16
941,Jeno,Leed,jleedq4@jimdo.com,China,Twitterbridge,Mitsubishi,4348.85
942,Vonny,Holywell,vholywellq5@flickr.com,Kazakhstan,Buzzdog,Kia,747.05
943,Michael,Feake,mfeakeq6@prweb.com,Russia,Yodoo,Mazda,3432.51
944,Huberto,Grob,hgrobq7@craigslist.org,China,Voolia,BMW,518.93
945,Loren,Coulthard,lcoulthardq8@blinklist.com,Mexico,Voonte,Porsche,8870.59
946,Kevin,Jeanet,kjeanetq9@sina.com.cn,China,Topicshots,Subaru,8738.69
947,Sunny,Yedy,syedyqa@ibm.com,Jamaica,Skidoo,GMC,8458.61
948,Aeriell,Basketter,abasketterqb@google.co.uk,Jamaica,Fiveclub,Dodge,3364.8
949,Pen,Coster,pcosterqc@pbs.org,Seychelles,Einti,Chevrolet,158.89
950,Edik,Glendenning,eglendenningqd@bigcartel.com,Portugal,Feednation,GMC,8988.15
951,Obidiah,Bingle,obingleqe@surveymonkey.com,Indonesia,Quatz,Mitsubishi,3848.53
952,Ev,Deware,edewareqf@about.me,Russia,Tagtune,GMC,1261.56
953,Thane,Skedge,tskedgeqg@webnode.com,Uganda,Photobug,Chevrolet,1185.38
954,Jaquenetta,Roskams,jroskamsqh@mediafire.com,Russia,Npath,Audi,3886.95
955,Lurline,Landell,llandellqi@usgs.gov,Cuba,Jayo,Chevrolet,7801.93
956,Clemente,Lenin,cleninqj@usatoday.com,Indonesia,Aimbo,Mercury,9592.47
957,Granger,Skerme,gskermeqk@angelfire.com,Czech Republic,Twimbo,Volkswagen,336.54
958,Oren,Ind,oindql@cbc.ca,Russia,Latz,Hummer,7109.57
959,Francesca,Bebb,fbebbqm@biblegateway.com,Madagascar,Muxo,Ferrari,8369.66
960,Dylan,Teanby,dteanbyqn@spotify.com,Philippines,Eadel,Ford,8562.81
961,Justina,Vahl,jvahlqo@biglobe.ne.jp,Ukraine,Talane,Maybach,1450.99
962,Farand,Knipe,fknipeqp@elpais.com,Philippines,Chatterbridge,Audi,9445.98
963,Ximenes,Dyke,xdykeqq@wired.com,United States,Eare,Acura,842.6
964,Gabey,Dummer,gdummerqr@sourceforge.net,Bosnia and Herzegovina,Devcast,Chevrolet,5756.81
965,Annaliese,Dumberell,adumberellqs@theatlantic.com,Ghana,Miboo,Land Rover,5874.94
966,Clemens,Henlon,chenlonqt@booking.com,Indonesia,Browsebug,Mercedes-Benz,3638.39
967,Jimmy,Halsey,jhalseyqu@illinois.edu,China,Zoomzone,Dodge,424.02
968,Linzy,Lutz,llutzqv@washingtonpost.com,China,Skyvu,Mercedes-Benz,8701.99
969,Moina,Binley,mbinleyqw@bizjournals.com,Philippines,Blogpad,Nissan,9668.49
970,Chrisy,Bowman,cbowmanqx@diigo.com,Suriname,Pixope,Subaru,1811.46
971,Jillie,Dillow,jdillowqy@globo.com,Philippines,Eamia,Acura,9177.77
972,Kathye,Tchaikovsky,ktchaikovskyqz@meetup.com,Azerbaijan,Abata,Cadillac,960.71
973,Burl,Freddi,bfreddir0@prweb.com,Indonesia,Layo,Mazda,5917.85
974,Cara,Balma,cbalmar1@domainmarket.com,Brazil,Mydeo,Ford,4927.02
975,Bernetta,Mauger,bmaugerr2@issuu.com,China,Vimbo,Chrysler,7628.24
976,Ortensia,Bernardoux,obernardouxr3@webeden.co.uk,Portugal,Trudeo,Volkswagen,5975.44
977,Morley,Gaul,mgaulr4@china.com.cn,Japan,Nlounge,Chevrolet,3818.53
978,Lucian,Huller,lhullerr5@merriam-webster.com,Russia,Kazu,Plymouth,81.72
979,Noelani,Wilsey,nwilseyr6@xrea.com,Russia,Aivee,Suzuki,886.67
980,Pietra,Ceresa,pceresar7@hatena.ne.jp,Philippines,Oba,Chrysler,9143.43
981,Quintina,Grzegorczyk,qgrzegorczykr8@printfriendly.com,Philippines,Devify,Mercedes-Benz,7215.49
982,Gabrila,Onslow,gonslowr9@g.co,Sierra Leone,Oloo,Chevrolet,4563.51
983,Rhodie,Streight,rstreightra@vinaora.com,Iran,Latz,Ford,1134.9
984,Alix,Neno,anenorb@time.com,Portugal,Jaxbean,Ford,2602.02
985,Baxie,Fullalove,bfullaloverc@livejournal.com,China,Dazzlesphere,Chrysler,5962.26
986,Shirley,Murfin,smurfinrd@scribd.com,Russia,Jaxspan,Suzuki,6268.04
987,Donal,Petrushka,dpetrushkare@google.fr,Russia,Blogtags,Ford,4472.78
988,Xenos,Yansons,xyansonsrf@jiathis.com,Sweden,Yoveo,Lexus,6764.12
989,Murdoch,Goullee,mgoulleerg@bloglines.com,China,Zoomlounge,Lotus,3267.82
990,Maggie,Lambert-Ciorwyn,mlambertciorwynrh@utexas.edu,Ukraine,Dynabox,Oldsmobile,8732.94
991,Mikel,McEntegart,mmcentegartri@go.com,Greece,Wikivu,Pontiac,960.49
992,Travus,Kench,tkenchrj@cyberchimps.com,Russia,Skalith,Pontiac,71.28
993,Kiah,Schieferstein,kschiefersteinrk@friendfeed.com,China,Yozio,Mazda,5521.29
994,Zelda,Tibols,ztibolsrl@nsw.gov.au,Indonesia,Divavu,MINI,7878.91
995,Elizabet,Benaine,ebenainerm@over-blog.com,Peru,Ooba,GMC,646.88
996,Lexis,Kimbley,lkimbleyrn@salon.com,Canada,DabZ,Ford,2994.67
997,Nicky,Iskowicz,niskowiczro@google.com.br,Indonesia,Yambee,Ford,3443.2
998,Britteny,Northcote,bnorthcoterp@pcworld.com,China,Gabtune,Ford,5675.03
999,Fiorenze,MacAscaidh,fmacascaidhrq@mozilla.org,Syria,Dabvine,Ford,6726.36
1000,Romonda,Domke,rdomkerr@va.gov,Philippines,Dabjam,Nissan,9278.6
